-- MySQL dump 10.13  Distrib 5.7.16, for Linux (x86_64)
--
-- Host: localhost    Database: tienda
-- ------------------------------------------------------
-- Server version	5.7.12-0ubuntu1.1

/*!40101 SET @OLD_CHARACTER_SET_CLIENT=@@CHARACTER_SET_CLIENT */;
/*!40101 SET @OLD_CHARACTER_SET_RESULTS=@@CHARACTER_SET_RESULTS */;
/*!40101 SET @OLD_COLLATION_CONNECTION=@@COLLATION_CONNECTION */;
/*!40101 SET NAMES utf8 */;
/*!40103 SET @OLD_TIME_ZONE=@@TIME_ZONE */;
/*!40103 SET TIME_ZONE='+00:00' */;
/*!40014 SET @OLD_UNIQUE_CHECKS=@@UNIQUE_CHECKS, UNIQUE_CHECKS=0 */;
/*!40014 SET @OLD_FOREIGN_KEY_CHECKS=@@FOREIGN_KEY_CHECKS, FOREIGN_KEY_CHECKS=0 */;
/*!40101 SET @OLD_SQL_MODE=@@SQL_MODE, SQL_MODE='NO_AUTO_VALUE_ON_ZERO' */;
/*!40111 SET @OLD_SQL_NOTES=@@SQL_NOTES, SQL_NOTES=0 */;

--
-- Table structure for table `addresses`
--

DROP TABLE IF EXISTS `addresses`;
/*!40101 SET @saved_cs_client     = @@character_set_client */;
/*!40101 SET character_set_client = utf8 */;
CREATE TABLE `addresses` (
  `id` int(10) unsigned NOT NULL AUTO_INCREMENT,
  `user_id` int(10) unsigned NOT NULL,
  `to` varchar(255) COLLATE utf8_unicode_ci NOT NULL DEFAULT '',
  `address_one` varchar(255) COLLATE utf8_unicode_ci NOT NULL,
  `city` varchar(255) COLLATE utf8_unicode_ci NOT NULL,
  `zipcode` varchar(255) COLLATE utf8_unicode_ci NOT NULL,
  `country` varchar(255) COLLATE utf8_unicode_ci NOT NULL,
  `is_shipping` tinyint(1) NOT NULL DEFAULT '0',
  `is_billing` tinyint(1) NOT NULL DEFAULT '0',
  `created_at` timestamp NULL DEFAULT NULL,
  `updated_at` timestamp NULL DEFAULT NULL,
  PRIMARY KEY (`id`)
) ENGINE=InnoDB AUTO_INCREMENT=5 DEFAULT CHARSET=utf8 COLLATE=utf8_unicode_ci;
/*!40101 SET character_set_client = @saved_cs_client */;

--
-- Dumping data for table `addresses`
--

LOCK TABLES `addresses` WRITE;
/*!40000 ALTER TABLE `addresses` DISABLE KEYS */;
INSERT INTO `addresses` VALUES (1,1,'shipping person','Street address of admin','Mabalacat','2010','Philippines',1,0,'2016-12-08 22:24:50','2016-12-08 22:24:50'),(2,1,'billing person','Street address of admin','Mabalacat','2010','Philippines',0,1,'2016-12-08 22:24:50','2016-12-08 22:24:50'),(3,0,'','Local address of tienda(shipping)','Mabalacat','2010','Philippines',1,0,'2016-12-08 22:24:50','2016-12-08 22:24:50'),(4,0,'','Local address of tienda(billing)','Mabalacat','2010','Philippines',0,1,'2016-12-08 22:24:50','2016-12-08 22:24:50');
/*!40000 ALTER TABLE `addresses` ENABLE KEYS */;
UNLOCK TABLES;

--
-- Table structure for table `categories`
--

DROP TABLE IF EXISTS `categories`;
/*!40101 SET @saved_cs_client     = @@character_set_client */;
/*!40101 SET character_set_client = utf8 */;
CREATE TABLE `categories` (
  `id` int(10) unsigned NOT NULL AUTO_INCREMENT,
  `title` varchar(255) COLLATE utf8_unicode_ci NOT NULL,
  `slug` varchar(255) COLLATE utf8_unicode_ci NOT NULL,
  `rank` int(11) NOT NULL DEFAULT '0',
  `bannerImage` varchar(255) COLLATE utf8_unicode_ci DEFAULT NULL,
  `parent_id` int(11) NOT NULL DEFAULT '0',
  `created_at` timestamp NULL DEFAULT NULL,
  `updated_at` timestamp NULL DEFAULT NULL,
  PRIMARY KEY (`id`)
) ENGINE=InnoDB AUTO_INCREMENT=20 DEFAULT CHARSET=utf8 COLLATE=utf8_unicode_ci;
/*!40101 SET character_set_client = @saved_cs_client */;

--
-- Dumping data for table `categories`
--

LOCK TABLES `categories` WRITE;
/*!40000 ALTER TABLE `categories` DISABLE KEYS */;
INSERT INTO `categories` VALUES (2,'Beverages','beverages',1,NULL,0,'2016-12-08 22:25:00','2016-12-08 22:25:00'),(3,'Snacks','snacks',2,NULL,0,'2016-12-08 22:25:00','2016-12-08 22:25:00'),(4,'Candies & Chocolate','candies-chocolate',3,NULL,0,'2016-12-08 22:25:00','2016-12-08 22:25:00'),(5,'Condiments & Sauces','condiments-sauces',6,NULL,0,'2016-12-08 22:25:00','2016-12-08 22:25:00'),(6,'Cupcakes & Biscuits','cupcakes-biscuits',1,NULL,0,'2016-12-08 22:25:00','2016-12-08 22:25:00'),(8,'Noodles','noodles',4,NULL,0,'2016-12-08 22:25:00','2016-12-08 22:25:00'),(9,'Coffee','coffee',5,NULL,0,'2016-12-08 22:25:00','2016-12-08 22:25:00'),(10,'Liquors','liquors',9,NULL,0,'2016-12-08 22:25:00','2016-12-08 22:25:00'),(11,'Cereals and Milk','cereals-and-milk',7,NULL,0,'2016-12-08 22:25:00','2016-12-08 22:25:00'),(12,'Canned Goods','canned-goods',10,NULL,0,'2016-12-08 22:25:00','2016-12-08 22:25:00'),(13,'Breads & Spreads','breads-spreads',8,NULL,0,'2016-12-08 22:25:00','2016-12-08 22:25:00'),(18,'Household','household',9,NULL,0,'2016-12-08 22:25:00','2016-12-08 22:25:00'),(19,'Food Delivery','food-delivery',0,NULL,0,'2016-12-08 22:25:00','2016-12-08 22:25:00');
/*!40000 ALTER TABLE `categories` ENABLE KEYS */;
UNLOCK TABLES;

--
-- Table structure for table `category_product`
--

DROP TABLE IF EXISTS `category_product`;
/*!40101 SET @saved_cs_client     = @@character_set_client */;
/*!40101 SET character_set_client = utf8 */;
CREATE TABLE `category_product` (
  `id` int(10) unsigned NOT NULL AUTO_INCREMENT,
  `product_id` int(11) NOT NULL,
  `category_id` int(11) NOT NULL,
  `is_featured_category` tinyint(1) NOT NULL DEFAULT '0',
  `rank` int(11) NOT NULL DEFAULT '0',
  `created_at` timestamp NULL DEFAULT NULL,
  `updated_at` timestamp NULL DEFAULT NULL,
  PRIMARY KEY (`id`)
) ENGINE=InnoDB AUTO_INCREMENT=784 DEFAULT CHARSET=utf8 COLLATE=utf8_unicode_ci;
/*!40101 SET character_set_client = @saved_cs_client */;

--
-- Dumping data for table `category_product`
--

LOCK TABLES `category_product` WRITE;
/*!40000 ALTER TABLE `category_product` DISABLE KEYS */;
INSERT INTO `category_product` VALUES (1,2823,0,0,0,NULL,NULL),(2,2822,12,0,0,NULL,NULL),(3,2821,18,0,0,NULL,NULL),(4,2820,11,0,0,NULL,NULL),(5,2819,18,0,0,NULL,NULL),(6,2818,13,0,0,NULL,NULL),(7,2817,13,0,0,NULL,NULL),(8,2816,5,0,0,NULL,NULL),(9,2815,5,0,0,NULL,NULL),(10,2814,11,0,0,NULL,NULL),(11,2813,19,0,0,NULL,NULL),(12,2812,19,0,0,NULL,NULL),(13,2811,19,0,0,NULL,NULL),(14,2810,19,0,0,NULL,NULL),(15,2809,18,0,0,NULL,NULL),(16,2808,18,0,0,NULL,NULL),(17,2807,18,0,0,NULL,NULL),(18,2806,18,0,0,NULL,NULL),(19,2805,18,0,0,NULL,NULL),(20,2804,18,0,0,NULL,NULL),(21,2803,18,0,0,NULL,NULL),(22,2802,18,0,0,NULL,NULL),(23,2801,18,0,0,NULL,NULL),(24,2800,18,0,0,NULL,NULL),(25,2799,18,0,0,NULL,NULL),(26,2798,6,0,0,NULL,NULL),(27,2797,3,0,0,NULL,NULL),(28,2796,2,0,0,NULL,NULL),(29,2795,9,0,0,NULL,NULL),(30,2794,9,0,0,NULL,NULL),(31,2793,13,0,0,NULL,NULL),(32,2792,6,0,0,NULL,NULL),(33,2791,6,0,0,NULL,NULL),(34,2790,6,0,0,NULL,NULL),(35,2789,6,0,0,NULL,NULL),(36,2788,6,0,0,NULL,NULL),(37,2787,2,0,0,NULL,NULL),(38,2786,11,0,0,NULL,NULL),(39,2785,11,0,0,NULL,NULL),(40,2784,9,0,0,NULL,NULL),(41,2783,9,0,0,NULL,NULL),(42,2782,11,0,0,NULL,NULL),(43,2781,11,0,0,NULL,NULL),(44,2780,13,0,0,NULL,NULL),(45,2779,13,0,0,NULL,NULL),(46,2778,13,0,0,NULL,NULL),(47,2777,13,0,0,NULL,NULL),(48,2776,13,0,0,NULL,NULL),(49,2775,13,0,0,NULL,NULL),(50,2774,13,0,0,NULL,NULL),(51,2773,13,0,0,NULL,NULL),(52,2772,13,0,0,NULL,NULL),(53,2771,13,0,0,NULL,NULL),(54,2770,13,0,0,NULL,NULL),(55,2769,13,0,0,NULL,NULL),(56,2768,13,0,0,NULL,NULL),(57,2767,2,0,0,NULL,NULL),(58,2766,2,0,0,NULL,NULL),(59,2765,2,0,0,NULL,NULL),(60,2764,2,0,0,NULL,NULL),(61,2763,9,0,0,NULL,NULL),(62,2762,6,0,0,NULL,NULL),(63,2761,3,0,0,NULL,NULL),(64,2760,3,0,0,NULL,NULL),(65,2759,9,0,0,NULL,NULL),(66,2758,8,0,0,NULL,NULL),(67,2757,2,0,0,NULL,NULL),(68,2756,9,0,0,NULL,NULL),(69,2755,2,0,0,NULL,NULL),(70,2754,2,0,0,NULL,NULL),(71,2753,2,0,0,NULL,NULL),(72,2752,2,0,0,NULL,NULL),(73,2751,2,0,0,NULL,NULL),(74,2750,2,0,0,NULL,NULL),(75,2749,2,0,0,NULL,NULL),(76,2748,9,0,0,NULL,NULL),(77,2747,9,0,0,NULL,NULL),(78,2746,2,0,0,NULL,NULL),(79,2745,2,0,0,NULL,NULL),(80,2744,2,0,0,NULL,NULL),(81,2743,2,0,0,NULL,NULL),(82,2742,2,0,0,NULL,NULL),(83,2741,6,0,0,NULL,NULL),(84,2740,2,0,0,NULL,NULL),(85,2739,6,0,0,NULL,NULL),(86,2738,4,0,0,NULL,NULL),(87,2737,6,0,0,NULL,NULL),(88,2736,6,0,0,NULL,NULL),(89,2735,6,0,0,NULL,NULL),(90,2734,11,0,0,NULL,NULL),(91,2733,9,0,0,NULL,NULL),(92,2732,9,0,0,NULL,NULL),(93,2731,9,0,0,NULL,NULL),(94,2730,2,0,0,NULL,NULL),(95,2729,6,0,0,NULL,NULL),(96,2728,3,0,0,NULL,NULL),(97,2727,6,0,0,NULL,NULL),(98,2726,2,0,0,NULL,NULL),(99,2725,2,0,0,NULL,NULL),(100,2724,2,0,0,NULL,NULL),(101,2723,2,0,0,NULL,NULL),(102,2722,10,0,0,NULL,NULL),(103,2721,10,0,0,NULL,NULL),(104,2720,9,0,0,NULL,NULL),(105,2719,3,0,0,NULL,NULL),(106,2718,2,0,0,NULL,NULL),(107,2717,2,0,0,NULL,NULL),(108,2716,6,0,0,NULL,NULL),(109,2715,4,0,0,NULL,NULL),(110,2714,4,0,0,NULL,NULL),(111,2713,4,0,0,NULL,NULL),(112,2712,4,0,0,NULL,NULL),(113,2711,4,0,0,NULL,NULL),(114,2710,4,0,0,NULL,NULL),(115,2709,4,0,0,NULL,NULL),(116,2708,4,0,0,NULL,NULL),(117,2707,4,0,0,NULL,NULL),(118,2706,4,0,0,NULL,NULL),(119,2705,4,0,0,NULL,NULL),(120,2704,4,0,0,NULL,NULL),(121,2703,2,0,0,NULL,NULL),(122,2702,2,0,0,NULL,NULL),(123,2701,2,0,0,NULL,NULL),(124,2700,2,0,0,NULL,NULL),(125,2699,4,0,0,NULL,NULL),(126,2698,4,0,0,NULL,NULL),(127,2697,2,0,0,NULL,NULL),(128,2696,2,0,0,NULL,NULL),(129,2695,3,0,0,NULL,NULL),(130,2694,3,0,0,NULL,NULL),(131,2693,3,0,0,NULL,NULL),(132,2692,3,0,0,NULL,NULL),(133,2691,6,0,0,NULL,NULL),(134,2690,6,0,0,NULL,NULL),(135,2689,2,0,0,NULL,NULL),(136,2688,2,0,0,NULL,NULL),(137,2687,2,0,0,NULL,NULL),(138,2686,2,0,0,NULL,NULL),(139,2685,2,0,0,NULL,NULL),(140,2684,2,0,0,NULL,NULL),(141,2683,2,0,0,NULL,NULL),(142,2682,2,0,0,NULL,NULL),(143,2681,4,0,0,NULL,NULL),(144,2680,4,0,0,NULL,NULL),(145,2679,4,0,0,NULL,NULL),(146,2678,4,0,0,NULL,NULL),(147,2677,4,0,0,NULL,NULL),(148,2676,4,0,0,NULL,NULL),(149,2675,4,0,0,NULL,NULL),(150,2674,4,0,0,NULL,NULL),(151,2673,4,0,0,NULL,NULL),(152,2672,4,0,0,NULL,NULL),(153,2671,3,0,0,NULL,NULL),(154,2670,3,0,0,NULL,NULL),(155,2669,3,0,0,NULL,NULL),(156,2668,3,0,0,NULL,NULL),(157,2667,3,0,0,NULL,NULL),(158,2666,3,0,0,NULL,NULL),(159,2665,3,0,0,NULL,NULL),(160,2664,3,0,0,NULL,NULL),(161,2663,3,0,0,NULL,NULL),(162,2662,3,0,0,NULL,NULL),(163,2661,3,0,0,NULL,NULL),(164,2660,2,0,0,NULL,NULL),(165,2659,2,0,0,NULL,NULL),(166,2658,2,0,0,NULL,NULL),(167,2657,2,0,0,NULL,NULL),(168,2656,2,0,0,NULL,NULL),(169,2655,2,0,0,NULL,NULL),(170,2654,2,0,0,NULL,NULL),(171,2653,2,0,0,NULL,NULL),(172,2652,2,0,0,NULL,NULL),(173,2651,4,0,0,NULL,NULL),(174,2650,4,0,0,NULL,NULL),(175,2649,4,0,0,NULL,NULL),(176,2648,4,0,0,NULL,NULL),(177,2647,2,0,0,NULL,NULL),(178,2646,10,0,0,NULL,NULL),(179,2645,2,0,0,NULL,NULL),(180,2644,2,0,0,NULL,NULL),(181,2643,11,0,0,NULL,NULL),(182,2642,2,0,0,NULL,NULL),(183,2641,6,0,0,NULL,NULL),(184,2640,9,0,0,NULL,NULL),(185,2639,8,0,0,NULL,NULL),(186,2638,8,0,0,NULL,NULL),(187,2637,8,0,0,NULL,NULL),(188,2636,8,0,0,NULL,NULL),(189,2635,8,0,0,NULL,NULL),(190,2634,3,0,0,NULL,NULL),(191,2633,11,0,0,NULL,NULL),(192,2632,2,0,0,NULL,NULL),(193,2631,9,0,0,NULL,NULL),(194,2630,9,0,0,NULL,NULL),(195,2629,6,0,0,NULL,NULL),(196,2628,2,0,0,NULL,NULL),(197,2627,9,0,0,NULL,NULL),(198,2626,3,0,0,NULL,NULL),(199,2625,8,0,0,NULL,NULL),(200,2624,8,0,0,NULL,NULL),(201,2623,9,0,0,NULL,NULL),(202,2622,9,0,0,NULL,NULL),(203,2621,3,0,0,NULL,NULL),(204,2620,3,0,0,NULL,NULL),(205,2619,2,0,0,NULL,NULL),(206,2618,3,0,0,NULL,NULL),(207,2617,3,0,0,NULL,NULL),(208,2616,3,0,0,NULL,NULL),(209,2615,3,0,0,NULL,NULL),(210,2614,3,0,0,NULL,NULL),(211,2613,3,0,0,NULL,NULL),(212,2612,2,0,0,NULL,NULL),(213,2611,2,0,0,NULL,NULL),(214,2610,3,0,0,NULL,NULL),(215,2609,2,0,0,NULL,NULL),(216,2608,3,0,0,NULL,NULL),(217,2607,3,0,0,NULL,NULL),(218,2606,3,0,0,NULL,NULL),(219,2605,3,0,0,NULL,NULL),(220,2604,3,0,0,NULL,NULL),(221,2603,3,0,0,NULL,NULL),(222,2602,3,0,0,NULL,NULL),(223,2601,3,0,0,NULL,NULL),(224,2600,3,0,0,NULL,NULL),(225,2599,3,0,0,NULL,NULL),(226,2598,3,0,0,NULL,NULL),(227,2597,2,0,0,NULL,NULL),(228,2596,2,0,0,NULL,NULL),(229,2595,2,0,0,NULL,NULL),(230,2594,6,0,0,NULL,NULL),(231,2593,6,0,0,NULL,NULL),(232,2592,6,0,0,NULL,NULL),(233,2591,6,0,0,NULL,NULL),(234,2590,6,0,0,NULL,NULL),(235,2589,6,0,0,NULL,NULL),(236,2588,3,0,0,NULL,NULL),(237,2587,3,0,0,NULL,NULL),(238,2586,3,0,0,NULL,NULL),(239,2585,2,0,0,NULL,NULL),(240,2584,3,0,0,NULL,NULL),(241,2583,3,0,0,NULL,NULL),(242,2582,3,0,0,NULL,NULL),(243,2581,3,0,0,NULL,NULL),(244,2580,3,0,0,NULL,NULL),(245,2579,6,0,0,NULL,NULL),(246,2578,6,0,0,NULL,NULL),(247,2577,3,0,0,NULL,NULL),(248,2576,2,0,0,NULL,NULL),(249,2575,6,0,0,NULL,NULL),(250,2574,6,0,0,NULL,NULL),(251,2573,3,0,0,NULL,NULL),(252,2572,6,0,0,NULL,NULL),(253,2571,6,0,0,NULL,NULL),(254,2570,6,0,0,NULL,NULL),(255,2569,6,0,0,NULL,NULL),(256,2568,9,0,0,NULL,NULL),(257,2567,3,0,0,NULL,NULL),(258,2566,3,0,0,NULL,NULL),(259,2565,3,0,0,NULL,NULL),(260,2564,9,0,0,NULL,NULL),(261,2563,2,0,0,NULL,NULL),(262,2562,6,0,0,NULL,NULL),(263,2561,3,0,0,NULL,NULL),(264,2560,3,0,0,NULL,NULL),(265,2559,3,0,0,NULL,NULL),(266,2558,3,0,0,NULL,NULL),(267,2557,3,0,0,NULL,NULL),(268,2556,3,0,0,NULL,NULL),(269,2555,3,0,0,NULL,NULL),(270,2554,3,0,0,NULL,NULL),(271,2553,3,0,0,NULL,NULL),(272,2552,2,0,0,NULL,NULL),(273,2551,2,0,0,NULL,NULL),(274,2550,2,0,0,NULL,NULL),(275,2549,2,0,0,NULL,NULL),(276,2548,2,0,0,NULL,NULL),(277,2547,2,0,0,NULL,NULL),(278,2546,2,0,0,NULL,NULL),(279,2545,8,0,0,NULL,NULL),(280,2544,9,0,0,NULL,NULL),(281,2543,2,0,0,NULL,NULL),(282,2542,5,0,0,NULL,NULL),(283,2541,9,0,0,NULL,NULL),(284,2540,9,0,0,NULL,NULL),(285,2539,8,0,0,NULL,NULL),(286,2538,6,0,0,NULL,NULL),(287,2537,6,0,0,NULL,NULL),(288,2536,6,0,0,NULL,NULL),(289,2535,6,0,0,NULL,NULL),(290,2534,6,0,0,NULL,NULL),(291,2533,9,0,0,NULL,NULL),(292,2532,11,0,0,NULL,NULL),(293,2531,11,0,0,NULL,NULL),(294,2530,9,0,0,NULL,NULL),(295,2529,2,0,0,NULL,NULL),(296,2528,9,0,0,NULL,NULL),(297,2527,11,0,0,NULL,NULL),(298,2526,13,0,0,NULL,NULL),(299,2525,13,0,0,NULL,NULL),(300,2524,2,0,0,NULL,NULL),(301,2523,6,0,0,NULL,NULL),(302,2522,6,0,0,NULL,NULL),(303,2521,4,0,0,NULL,NULL),(304,2520,4,0,0,NULL,NULL),(305,1520,2,0,0,NULL,NULL),(306,1519,2,0,0,NULL,NULL),(307,1518,2,0,0,NULL,NULL),(308,1517,3,0,0,NULL,NULL),(309,1516,3,0,0,NULL,NULL),(310,1515,3,0,0,NULL,NULL),(311,1514,2,0,0,NULL,NULL),(312,1513,4,0,0,NULL,NULL),(313,1512,3,0,0,NULL,NULL),(314,1511,4,0,0,NULL,NULL),(315,1510,2,0,0,NULL,NULL),(316,1509,2,0,0,NULL,NULL),(317,1508,9,0,0,NULL,NULL),(318,1507,2,0,0,NULL,NULL),(319,1506,3,0,0,NULL,NULL),(320,1505,3,0,0,NULL,NULL),(321,1504,4,0,0,NULL,NULL),(322,1503,6,0,0,NULL,NULL),(323,1502,8,0,0,NULL,NULL),(324,1501,8,0,0,NULL,NULL),(325,1500,6,0,0,NULL,NULL),(326,1499,2,0,0,NULL,NULL),(327,1498,2,0,0,NULL,NULL),(328,1497,2,0,0,NULL,NULL),(329,1496,2,0,0,NULL,NULL),(330,1495,2,0,0,NULL,NULL),(331,1494,4,0,0,NULL,NULL),(332,1493,6,0,0,NULL,NULL),(333,1492,6,0,0,NULL,NULL),(334,1491,6,0,0,NULL,NULL),(335,1490,4,0,0,NULL,NULL),(336,1489,4,0,0,NULL,NULL),(337,1488,6,0,0,NULL,NULL),(338,1487,6,0,0,NULL,NULL),(339,1486,6,0,0,NULL,NULL),(340,1485,6,0,0,NULL,NULL),(341,1484,6,0,0,NULL,NULL),(342,1483,6,0,0,NULL,NULL),(343,1482,2,0,0,NULL,NULL),(344,1481,3,0,0,NULL,NULL),(345,1480,2,0,0,NULL,NULL),(346,1479,2,0,0,NULL,NULL),(347,1478,2,0,0,NULL,NULL),(348,1477,2,0,0,NULL,NULL),(349,1476,2,0,0,NULL,NULL),(350,1475,2,0,0,NULL,NULL),(351,1474,2,0,0,NULL,NULL),(352,1473,3,0,0,NULL,NULL),(353,1472,6,0,0,NULL,NULL),(354,1471,6,0,0,NULL,NULL),(355,1470,6,0,0,NULL,NULL),(356,1469,6,0,0,NULL,NULL),(357,1468,6,0,0,NULL,NULL),(358,1467,6,0,0,NULL,NULL),(359,1466,6,0,0,NULL,NULL),(360,1465,6,0,0,NULL,NULL),(361,1464,6,0,0,NULL,NULL),(362,1463,6,0,0,NULL,NULL),(363,1462,6,0,0,NULL,NULL),(364,1461,6,0,0,NULL,NULL),(365,1460,6,0,0,NULL,NULL),(366,1459,6,0,0,NULL,NULL),(367,1458,6,0,0,NULL,NULL),(368,1457,8,0,0,NULL,NULL),(369,1456,9,0,0,NULL,NULL),(370,1455,3,0,0,NULL,NULL),(371,1454,3,0,0,NULL,NULL),(372,1453,2,0,0,NULL,NULL),(373,1452,2,0,0,NULL,NULL),(374,1451,2,0,0,NULL,NULL),(375,1450,6,0,0,NULL,NULL),(376,1449,6,0,0,NULL,NULL),(377,1448,3,0,0,NULL,NULL),(378,1447,3,0,0,NULL,NULL),(379,1446,3,0,0,NULL,NULL),(380,1445,3,0,0,NULL,NULL),(381,1444,2,0,0,NULL,NULL),(382,1443,9,0,0,NULL,NULL),(383,1442,4,0,0,NULL,NULL),(384,1441,4,0,0,NULL,NULL),(385,1440,11,0,0,NULL,NULL),(386,1439,11,0,0,NULL,NULL),(387,1438,9,0,0,NULL,NULL),(388,1437,9,0,0,NULL,NULL),(389,1436,9,0,0,NULL,NULL),(390,1435,9,0,0,NULL,NULL),(391,1434,9,0,0,NULL,NULL),(392,1433,9,0,0,NULL,NULL),(393,1432,9,0,0,NULL,NULL),(394,1431,9,0,0,NULL,NULL),(395,1430,9,0,0,NULL,NULL),(396,1428,3,0,0,NULL,NULL),(397,1427,2,0,0,NULL,NULL),(398,1426,2,0,0,NULL,NULL),(399,1425,3,0,0,NULL,NULL),(400,1424,3,0,0,NULL,NULL),(401,1423,2,0,0,NULL,NULL),(402,1422,3,0,0,NULL,NULL),(403,1421,9,0,0,NULL,NULL),(404,421,3,0,0,NULL,NULL),(405,420,3,0,0,NULL,NULL),(406,419,3,0,0,NULL,NULL),(407,418,2,0,0,NULL,NULL),(408,417,2,0,0,NULL,NULL),(409,416,2,0,0,NULL,NULL),(410,415,5,0,0,NULL,NULL),(411,414,5,0,0,NULL,NULL),(412,413,5,0,0,NULL,NULL),(413,412,2,0,0,NULL,NULL),(414,411,2,0,0,NULL,NULL),(415,410,3,0,0,NULL,NULL),(416,409,3,0,0,NULL,NULL),(417,408,3,0,0,NULL,NULL),(418,407,3,0,0,NULL,NULL),(419,406,3,0,0,NULL,NULL),(420,405,2,0,0,NULL,NULL),(421,404,9,0,0,NULL,NULL),(422,403,9,0,0,NULL,NULL),(423,402,3,0,0,NULL,NULL),(424,401,3,0,0,NULL,NULL),(425,400,3,0,0,NULL,NULL),(426,398,3,0,0,NULL,NULL),(427,397,3,0,0,NULL,NULL),(428,396,3,0,0,NULL,NULL),(429,395,3,0,0,NULL,NULL),(430,394,3,0,0,NULL,NULL),(431,393,2,0,0,NULL,NULL),(432,392,2,0,0,NULL,NULL),(433,391,3,0,0,NULL,NULL),(434,390,3,0,0,NULL,NULL),(435,389,3,0,0,NULL,NULL),(436,388,3,0,0,NULL,NULL),(437,387,3,0,0,NULL,NULL),(438,386,3,0,0,NULL,NULL),(439,385,3,0,0,NULL,NULL),(440,384,3,0,0,NULL,NULL),(441,383,3,0,0,NULL,NULL),(442,382,3,0,0,NULL,NULL),(443,381,3,0,0,NULL,NULL),(444,380,2,0,0,NULL,NULL),(445,379,2,0,0,NULL,NULL),(446,378,5,0,0,NULL,NULL),(447,377,5,0,0,NULL,NULL),(448,376,2,0,0,NULL,NULL),(449,375,2,0,0,NULL,NULL),(450,374,8,0,0,NULL,NULL),(451,373,3,0,0,NULL,NULL),(452,372,4,0,0,NULL,NULL),(453,371,3,0,0,NULL,NULL),(454,370,8,0,0,NULL,NULL),(455,369,8,0,0,NULL,NULL),(456,368,3,0,0,NULL,NULL),(457,367,8,0,0,NULL,NULL),(458,366,3,0,0,NULL,NULL),(459,365,6,0,0,NULL,NULL),(460,364,6,0,0,NULL,NULL),(461,363,4,0,0,NULL,NULL),(462,362,4,0,0,NULL,NULL),(463,361,4,0,0,NULL,NULL),(464,360,4,0,0,NULL,NULL),(465,359,4,0,0,NULL,NULL),(466,358,8,0,0,NULL,NULL),(467,357,8,0,0,NULL,NULL),(468,356,8,0,0,NULL,NULL),(469,355,6,0,0,NULL,NULL),(470,354,6,0,0,NULL,NULL),(471,353,6,0,0,NULL,NULL),(472,352,3,0,0,NULL,NULL),(473,351,3,0,0,NULL,NULL),(474,350,3,0,0,NULL,NULL),(475,349,8,0,0,NULL,NULL),(476,348,8,0,0,NULL,NULL),(477,347,8,0,0,NULL,NULL),(478,346,8,0,0,NULL,NULL),(479,344,8,0,0,NULL,NULL),(480,343,8,0,0,NULL,NULL),(481,342,6,0,0,NULL,NULL),(482,340,2,0,0,NULL,NULL),(483,339,3,0,0,NULL,NULL),(484,338,3,0,0,NULL,NULL),(485,337,2,0,0,NULL,NULL),(486,336,2,0,0,NULL,NULL),(487,335,2,0,0,NULL,NULL),(488,334,2,0,0,NULL,NULL),(489,333,11,0,0,NULL,NULL),(490,332,11,0,0,NULL,NULL),(491,331,11,0,0,NULL,NULL),(492,330,2,0,0,NULL,NULL),(493,329,5,0,0,NULL,NULL),(494,328,2,0,0,NULL,NULL),(495,327,9,0,0,NULL,NULL),(496,326,9,0,0,NULL,NULL),(497,325,9,0,0,NULL,NULL),(498,324,11,0,0,NULL,NULL),(499,319,8,0,0,NULL,NULL),(500,318,12,0,0,NULL,NULL),(501,317,12,0,0,NULL,NULL),(502,316,12,0,0,NULL,NULL),(503,315,2,0,0,NULL,NULL),(504,314,2,0,0,NULL,NULL),(505,313,2,0,0,NULL,NULL),(506,312,2,0,0,NULL,NULL),(507,311,2,0,0,NULL,NULL),(508,310,6,0,0,NULL,NULL),(509,309,6,0,0,NULL,NULL),(510,308,6,0,0,NULL,NULL),(511,307,6,0,0,NULL,NULL),(512,306,3,0,0,NULL,NULL),(513,305,3,0,0,NULL,NULL),(514,304,3,0,0,NULL,NULL),(515,303,3,0,0,NULL,NULL),(516,302,3,0,0,NULL,NULL),(517,301,3,0,0,NULL,NULL),(518,300,2,0,0,NULL,NULL),(519,299,4,0,0,NULL,NULL),(520,298,8,0,0,NULL,NULL),(521,297,8,0,0,NULL,NULL),(522,296,8,0,0,NULL,NULL),(523,295,8,0,0,NULL,NULL),(524,294,8,0,0,NULL,NULL),(525,293,8,0,0,NULL,NULL),(526,292,8,0,0,NULL,NULL),(527,291,4,0,0,NULL,NULL),(528,290,4,0,0,NULL,NULL),(529,289,8,0,0,NULL,NULL),(530,287,2,0,0,NULL,NULL),(531,286,2,0,0,NULL,NULL),(532,285,2,0,0,NULL,NULL),(533,284,8,0,0,NULL,NULL),(534,283,8,0,0,NULL,NULL),(535,282,8,0,0,NULL,NULL),(536,281,4,0,0,NULL,NULL),(537,280,4,0,0,NULL,NULL),(538,279,4,0,0,NULL,NULL),(539,278,4,0,0,NULL,NULL),(540,276,4,0,0,NULL,NULL),(541,275,4,0,0,NULL,NULL),(542,272,6,0,0,NULL,NULL),(543,271,2,0,0,NULL,NULL),(544,270,2,0,0,NULL,NULL),(545,269,3,0,0,NULL,NULL),(546,268,3,0,0,NULL,NULL),(547,267,3,0,0,NULL,NULL),(548,266,3,0,0,NULL,NULL),(549,265,3,0,0,NULL,NULL),(550,264,3,0,0,NULL,NULL),(551,263,2,0,0,NULL,NULL),(552,262,4,0,0,NULL,NULL),(553,261,4,0,0,NULL,NULL),(554,260,3,0,0,NULL,NULL),(555,259,3,0,0,NULL,NULL),(556,258,3,0,0,NULL,NULL),(557,257,3,0,0,NULL,NULL),(558,256,3,0,0,NULL,NULL),(559,255,3,0,0,NULL,NULL),(560,254,3,0,0,NULL,NULL),(561,252,3,0,0,NULL,NULL),(562,251,3,0,0,NULL,NULL),(563,249,3,0,0,NULL,NULL),(564,248,3,0,0,NULL,NULL),(565,247,3,0,0,NULL,NULL),(566,246,3,0,0,NULL,NULL),(567,243,3,0,0,NULL,NULL),(568,242,3,0,0,NULL,NULL),(569,241,3,0,0,NULL,NULL),(570,240,3,0,0,NULL,NULL),(571,239,3,0,0,NULL,NULL),(572,238,3,0,0,NULL,NULL),(573,237,3,0,0,NULL,NULL),(574,236,8,0,0,NULL,NULL),(575,235,2,0,0,NULL,NULL),(576,234,2,0,0,NULL,NULL),(577,233,3,0,0,NULL,NULL),(578,232,3,0,0,NULL,NULL),(579,231,3,0,0,NULL,NULL),(580,230,3,0,0,NULL,NULL),(581,229,3,0,0,NULL,NULL),(582,228,3,0,0,NULL,NULL),(583,227,3,0,0,NULL,NULL),(584,226,4,0,0,NULL,NULL),(585,225,4,0,0,NULL,NULL),(586,224,4,0,0,NULL,NULL),(587,223,4,0,0,NULL,NULL),(588,222,4,0,0,NULL,NULL),(589,221,4,0,0,NULL,NULL),(590,220,3,0,0,NULL,NULL),(591,219,6,0,0,NULL,NULL),(592,218,4,0,0,NULL,NULL),(593,217,6,0,0,NULL,NULL),(594,216,6,0,0,NULL,NULL),(595,215,3,0,0,NULL,NULL),(596,214,3,0,0,NULL,NULL),(597,213,3,0,0,NULL,NULL),(598,212,3,0,0,NULL,NULL),(599,211,3,0,0,NULL,NULL),(600,210,3,0,0,NULL,NULL),(601,209,4,0,0,NULL,NULL),(602,194,3,0,0,NULL,NULL),(603,193,3,0,0,NULL,NULL),(604,192,3,0,0,NULL,NULL),(605,191,3,0,0,NULL,NULL),(606,190,3,0,0,NULL,NULL),(607,189,3,0,0,NULL,NULL),(608,188,3,0,0,NULL,NULL),(609,187,3,0,0,NULL,NULL),(610,186,3,0,0,NULL,NULL),(611,185,3,0,0,NULL,NULL),(612,184,4,0,0,NULL,NULL),(613,183,4,0,0,NULL,NULL),(614,182,4,0,0,NULL,NULL),(615,181,4,0,0,NULL,NULL),(616,180,4,0,0,NULL,NULL),(617,179,4,0,0,NULL,NULL),(618,178,4,0,0,NULL,NULL),(619,177,4,0,0,NULL,NULL),(620,176,4,0,0,NULL,NULL),(621,175,4,0,0,NULL,NULL),(622,174,4,0,0,NULL,NULL),(623,173,4,0,0,NULL,NULL),(624,172,3,0,0,NULL,NULL),(625,171,3,0,0,NULL,NULL),(626,170,3,0,0,NULL,NULL),(627,169,3,0,0,NULL,NULL),(628,168,3,0,0,NULL,NULL),(629,167,6,0,0,NULL,NULL),(630,166,6,0,0,NULL,NULL),(631,165,6,0,0,NULL,NULL),(632,164,6,0,0,NULL,NULL),(633,163,6,0,0,NULL,NULL),(634,162,6,0,0,NULL,NULL),(635,161,6,0,0,NULL,NULL),(636,160,6,0,0,NULL,NULL),(637,159,6,0,0,NULL,NULL),(638,158,6,0,0,NULL,NULL),(639,157,6,0,0,NULL,NULL),(640,154,6,0,0,NULL,NULL),(641,153,3,0,0,NULL,NULL),(642,152,3,0,0,NULL,NULL),(643,151,3,0,0,NULL,NULL),(644,150,3,0,0,NULL,NULL),(645,149,3,0,0,NULL,NULL),(646,148,3,0,0,NULL,NULL),(647,147,3,0,0,NULL,NULL),(648,146,3,0,0,NULL,NULL),(649,145,3,0,0,NULL,NULL),(650,144,3,0,0,NULL,NULL),(651,143,3,0,0,NULL,NULL),(652,142,3,0,0,NULL,NULL),(653,141,3,0,0,NULL,NULL),(654,140,3,0,0,NULL,NULL),(655,139,4,0,0,NULL,NULL),(656,138,4,0,0,NULL,NULL),(657,137,4,0,0,NULL,NULL),(658,136,4,0,0,NULL,NULL),(659,135,4,0,0,NULL,NULL),(660,134,4,0,0,NULL,NULL),(661,133,6,0,0,NULL,NULL),(662,132,6,0,0,NULL,NULL),(663,131,6,0,0,NULL,NULL),(664,130,6,0,0,NULL,NULL),(665,129,6,0,0,NULL,NULL),(666,128,3,0,0,NULL,NULL),(667,127,6,0,0,NULL,NULL),(668,126,2,0,0,NULL,NULL),(669,125,9,0,0,NULL,NULL),(670,124,3,0,0,NULL,NULL),(671,123,3,0,0,NULL,NULL),(672,122,3,0,0,NULL,NULL),(673,121,3,0,0,NULL,NULL),(674,120,3,0,0,NULL,NULL),(675,119,3,0,0,NULL,NULL),(676,117,8,0,0,NULL,NULL),(677,116,2,0,0,NULL,NULL),(678,115,8,0,0,NULL,NULL),(679,114,8,0,0,NULL,NULL),(680,113,8,0,0,NULL,NULL),(681,112,8,0,0,NULL,NULL),(682,111,8,0,0,NULL,NULL),(683,110,8,0,0,NULL,NULL),(684,109,2,0,0,NULL,NULL),(685,108,5,0,0,NULL,NULL),(686,107,11,0,0,NULL,NULL),(687,106,2,0,0,NULL,NULL),(688,105,5,0,0,NULL,NULL),(689,104,5,0,0,NULL,NULL),(690,103,5,0,0,NULL,NULL),(691,102,5,0,0,NULL,NULL),(692,101,5,0,0,NULL,NULL),(693,100,5,0,0,NULL,NULL),(694,99,5,0,0,NULL,NULL),(695,98,5,0,0,NULL,NULL),(696,97,5,0,0,NULL,NULL),(697,96,5,0,0,NULL,NULL),(698,95,5,0,0,NULL,NULL),(699,94,5,0,0,NULL,NULL),(700,93,5,0,0,NULL,NULL),(701,92,5,0,0,NULL,NULL),(702,91,5,0,0,NULL,NULL),(703,90,5,0,0,NULL,NULL),(704,89,5,0,0,NULL,NULL),(705,88,5,0,0,NULL,NULL),(706,87,5,0,0,NULL,NULL),(707,86,5,0,0,NULL,NULL),(708,85,5,0,0,NULL,NULL),(709,84,5,0,0,NULL,NULL),(710,83,2,0,0,NULL,NULL),(711,82,2,0,0,NULL,NULL),(712,81,2,0,0,NULL,NULL),(713,80,2,0,0,NULL,NULL),(714,79,2,0,0,NULL,NULL),(715,78,2,0,0,NULL,NULL),(716,77,2,0,0,NULL,NULL),(717,76,2,0,0,NULL,NULL),(718,75,2,0,0,NULL,NULL),(719,74,2,0,0,NULL,NULL),(720,73,2,0,0,NULL,NULL),(721,72,2,0,0,NULL,NULL),(722,71,2,0,0,NULL,NULL),(723,70,2,0,0,NULL,NULL),(724,69,2,0,0,NULL,NULL),(725,68,2,0,0,NULL,NULL),(726,67,10,0,0,NULL,NULL),(727,66,10,0,0,NULL,NULL),(728,65,10,0,0,NULL,NULL),(729,62,8,0,0,NULL,NULL),(730,61,8,0,0,NULL,NULL),(731,60,8,0,0,NULL,NULL),(732,59,8,0,0,NULL,NULL),(733,58,8,0,0,NULL,NULL),(734,57,8,0,0,NULL,NULL),(735,56,8,0,0,NULL,NULL),(736,55,8,0,0,NULL,NULL),(737,54,6,0,0,NULL,NULL),(738,53,6,0,0,NULL,NULL),(739,52,6,0,0,NULL,NULL),(740,51,6,0,0,NULL,NULL),(741,50,6,0,0,NULL,NULL),(742,49,6,0,0,NULL,NULL),(743,48,6,0,0,NULL,NULL),(744,46,6,0,0,NULL,NULL),(745,45,6,0,0,NULL,NULL),(746,43,6,0,0,NULL,NULL),(747,42,6,0,0,NULL,NULL),(748,41,6,0,0,NULL,NULL),(749,40,11,0,0,NULL,NULL),(750,39,5,0,0,NULL,NULL),(751,38,5,0,0,NULL,NULL),(752,37,5,0,0,NULL,NULL),(753,36,5,0,0,NULL,NULL),(754,35,5,0,0,NULL,NULL),(755,34,2,0,0,NULL,NULL),(756,33,2,0,0,NULL,NULL),(757,32,2,0,0,NULL,NULL),(758,31,2,0,0,NULL,NULL),(759,30,2,0,0,NULL,NULL),(760,29,2,0,0,NULL,NULL),(761,27,2,0,0,NULL,NULL),(762,26,2,0,0,NULL,NULL),(763,25,2,0,0,NULL,NULL),(764,24,10,0,0,NULL,NULL),(765,23,10,0,0,NULL,NULL),(766,22,10,0,0,NULL,NULL),(767,21,10,0,0,NULL,NULL),(768,20,10,0,0,NULL,NULL),(769,19,10,0,0,NULL,NULL),(770,18,2,0,0,NULL,NULL),(771,17,2,0,0,NULL,NULL),(772,16,2,0,0,NULL,NULL),(773,14,2,0,0,NULL,NULL),(774,13,2,0,0,NULL,NULL),(775,12,2,0,0,NULL,NULL),(776,11,9,0,0,NULL,NULL),(777,10,2,0,0,NULL,NULL),(778,9,2,0,0,NULL,NULL),(779,8,2,0,0,NULL,NULL),(780,7,2,0,0,NULL,NULL),(781,6,2,0,0,NULL,NULL),(782,5,2,0,0,NULL,NULL),(783,4,5,0,0,NULL,NULL);
/*!40000 ALTER TABLE `category_product` ENABLE KEYS */;
UNLOCK TABLES;

--
-- Table structure for table `migrations`
--

DROP TABLE IF EXISTS `migrations`;
/*!40101 SET @saved_cs_client     = @@character_set_client */;
/*!40101 SET character_set_client = utf8 */;
CREATE TABLE `migrations` (
  `id` int(10) unsigned NOT NULL AUTO_INCREMENT,
  `migration` varchar(255) COLLATE utf8_unicode_ci NOT NULL,
  `batch` int(11) NOT NULL,
  PRIMARY KEY (`id`)
) ENGINE=InnoDB AUTO_INCREMENT=20 DEFAULT CHARSET=utf8 COLLATE=utf8_unicode_ci;
/*!40101 SET character_set_client = @saved_cs_client */;

--
-- Dumping data for table `migrations`
--

LOCK TABLES `migrations` WRITE;
/*!40000 ALTER TABLE `migrations` DISABLE KEYS */;
INSERT INTO `migrations` VALUES (11,'2014_10_12_000000_create_users_table',1),(12,'2014_10_12_100000_create_password_resets_table',1),(13,'2016_09_27_171902_create_addresses_table',1),(14,'2016_09_27_181231_create_products_table',1),(15,'2016_09_27_185311_create_categories_table',1),(16,'2016_09_27_185621_create_category_product_table',1),(17,'2016_09_28_131912_create_orders_table',1),(18,'2016_09_28_135030_create_order_items_table',1),(19,'2016_09_29_182810_create_suppliers_table',1);
/*!40000 ALTER TABLE `migrations` ENABLE KEYS */;
UNLOCK TABLES;

--
-- Table structure for table `order_status_changes`
--

DROP TABLE IF EXISTS `order_status_changes`;
/*!40101 SET @saved_cs_client     = @@character_set_client */;
/*!40101 SET character_set_client = utf8 */;
CREATE TABLE `order_status_changes` (
  `id` int(10) unsigned NOT NULL AUTO_INCREMENT,
  `order_id` int(10) unsigned NOT NULL,
  `changed_by` int(10) unsigned NOT NULL,
  `seen` tinyint(1) NOT NULL DEFAULT '0',
  `from_status` int(10) unsigned NOT NULL,
  `to_status` int(10) unsigned NOT NULL,
  `created_at` timestamp NULL DEFAULT NULL,
  `updated_at` timestamp NULL DEFAULT NULL,
  PRIMARY KEY (`id`)
) ENGINE=InnoDB AUTO_INCREMENT=10 DEFAULT CHARSET=utf8 COLLATE=utf8_unicode_ci;
/*!40101 SET character_set_client = @saved_cs_client */;

--
-- Dumping data for table `order_status_changes`
--

LOCK TABLES `order_status_changes` WRITE;
/*!40000 ALTER TABLE `order_status_changes` DISABLE KEYS */;
INSERT INTO `order_status_changes` VALUES (1,1,1,0,2,3,'2016-12-08 19:41:50','2016-12-08 19:41:50'),(2,1,1,0,3,4,'2016-12-08 19:43:16','2016-12-08 19:43:16'),(3,1,1,0,4,5,'2016-12-08 19:44:44','2016-12-08 19:46:35'),(4,1,1,0,5,3,'2016-12-08 19:45:00','2016-12-08 19:58:40'),(5,1,1,0,5,4,'2016-12-08 19:46:57','2016-12-08 19:46:57'),(6,1,1,0,5,4,'2016-12-08 19:47:40','2016-12-08 19:47:40'),(7,2,1,0,1,2,'2016-12-08 20:20:35','2016-12-08 20:20:35'),(8,2,1,0,2,5,'2016-12-08 20:41:05','2016-12-08 20:41:05'),(9,3,1,0,1,5,'2016-12-08 22:00:44','2016-12-08 22:00:44');
/*!40000 ALTER TABLE `order_status_changes` ENABLE KEYS */;
UNLOCK TABLES;

--
-- Table structure for table `orderitems`
--

DROP TABLE IF EXISTS `orderitems`;
/*!40101 SET @saved_cs_client     = @@character_set_client */;
/*!40101 SET character_set_client = utf8 */;
CREATE TABLE `orderitems` (
  `id` int(10) unsigned NOT NULL AUTO_INCREMENT,
  `order_id` int(10) unsigned NOT NULL,
  `quantity` int(11) NOT NULL DEFAULT '1',
  `price` double(10,4) NOT NULL,
  `product_id` int(10) unsigned NOT NULL,
  `title` varchar(255) COLLATE utf8_unicode_ci NOT NULL DEFAULT '',
  `created_at` timestamp NULL DEFAULT NULL,
  `updated_at` timestamp NULL DEFAULT NULL,
  PRIMARY KEY (`id`)
) ENGINE=InnoDB DEFAULT CHARSET=utf8 COLLATE=utf8_unicode_ci;
/*!40101 SET character_set_client = @saved_cs_client */;

--
-- Dumping data for table `orderitems`
--

LOCK TABLES `orderitems` WRITE;
/*!40000 ALTER TABLE `orderitems` DISABLE KEYS */;
/*!40000 ALTER TABLE `orderitems` ENABLE KEYS */;
UNLOCK TABLES;

--
-- Table structure for table `orders`
--

DROP TABLE IF EXISTS `orders`;
/*!40101 SET @saved_cs_client     = @@character_set_client */;
/*!40101 SET character_set_client = utf8 */;
CREATE TABLE `orders` (
  `id` int(10) unsigned NOT NULL AUTO_INCREMENT,
  `user_id` int(10) unsigned NOT NULL DEFAULT '0',
  `salesOrderNo` int(10) unsigned NOT NULL DEFAULT '0',
  `comment` varchar(255) COLLATE utf8_unicode_ci NOT NULL DEFAULT '',
  `session` varchar(255) COLLATE utf8_unicode_ci NOT NULL,
  `purchased_at` timestamp NULL DEFAULT NULL,
  `discount_id` int(10) unsigned NOT NULL DEFAULT '0',
  `total` double(10,4) NOT NULL DEFAULT '0.0000',
  `discount` double(10,4) NOT NULL DEFAULT '0.0000',
  `shipping_fee` double NOT NULL DEFAULT '50',
  `grand_total` double NOT NULL DEFAULT '0',
  `status` int(11) NOT NULL DEFAULT '0',
  `reason` varchar(255) COLLATE utf8_unicode_ci NOT NULL DEFAULT '',
  `created_at` timestamp NULL DEFAULT NULL,
  `updated_at` timestamp NULL DEFAULT NULL,
  PRIMARY KEY (`id`)
) ENGINE=InnoDB DEFAULT CHARSET=utf8 COLLATE=utf8_unicode_ci;
/*!40101 SET character_set_client = @saved_cs_client */;

--
-- Dumping data for table `orders`
--

LOCK TABLES `orders` WRITE;
/*!40000 ALTER TABLE `orders` DISABLE KEYS */;
/*!40000 ALTER TABLE `orders` ENABLE KEYS */;
UNLOCK TABLES;

--
-- Table structure for table `password_resets`
--

DROP TABLE IF EXISTS `password_resets`;
/*!40101 SET @saved_cs_client     = @@character_set_client */;
/*!40101 SET character_set_client = utf8 */;
CREATE TABLE `password_resets` (
  `email` varchar(255) COLLATE utf8_unicode_ci NOT NULL,
  `token` varchar(255) COLLATE utf8_unicode_ci NOT NULL,
  `created_at` timestamp NULL DEFAULT NULL,
  KEY `password_resets_email_index` (`email`),
  KEY `password_resets_token_index` (`token`)
) ENGINE=InnoDB DEFAULT CHARSET=utf8 COLLATE=utf8_unicode_ci;
/*!40101 SET character_set_client = @saved_cs_client */;

--
-- Dumping data for table `password_resets`
--

LOCK TABLES `password_resets` WRITE;
/*!40000 ALTER TABLE `password_resets` DISABLE KEYS */;
/*!40000 ALTER TABLE `password_resets` ENABLE KEYS */;
UNLOCK TABLES;

--
-- Table structure for table `products`
--

DROP TABLE IF EXISTS `products`;
/*!40101 SET @saved_cs_client     = @@character_set_client */;
/*!40101 SET character_set_client = utf8 */;
CREATE TABLE `products` (
  `id` int(10) unsigned NOT NULL AUTO_INCREMENT,
  `sku` varchar(255) COLLATE utf8_unicode_ci NOT NULL,
  `title` varchar(255) COLLATE utf8_unicode_ci NOT NULL,
  `slug` varchar(255) COLLATE utf8_unicode_ci NOT NULL,
  `body` text COLLATE utf8_unicode_ci,
  `quantity` int(11) NOT NULL DEFAULT '0',
  `is_featured` tinyint(1) NOT NULL DEFAULT '0',
  `is_special` tinyint(1) NOT NULL DEFAULT '0',
  `is_bestSeller` tinyint(1) NOT NULL DEFAULT '0',
  `price` double(10,4) NOT NULL,
  `salePrice` double(10,4) NOT NULL,
  `rating` int(11) NOT NULL DEFAULT '4',
  `rank` varchar(255) COLLATE utf8_unicode_ci DEFAULT NULL,
  `rewardPoints` int(11) NOT NULL DEFAULT '100',
  `supplier_id` int(11) NOT NULL DEFAULT '0',
  `created_at` timestamp NULL DEFAULT NULL,
  `updated_at` timestamp NULL DEFAULT NULL,
  PRIMARY KEY (`id`)
) ENGINE=InnoDB AUTO_INCREMENT=2824 DEFAULT CHARSET=utf8 COLLATE=utf8_unicode_ci;
/*!40101 SET character_set_client = @saved_cs_client */;

--
-- Dumping data for table `products`
--

LOCK TABLES `products` WRITE;
/*!40000 ALTER TABLE `products` DISABLE KEYS */;
INSERT INTO `products` VALUES (4,'4804880312514','Taal Gin size /24','taal-gin-size-24',NULL,0,0,0,0,31.9550,29.0500,4,NULL,100,12,'2016-12-08 22:24:55','2016-12-08 22:24:55'),(5,'14800016057073','C2 Apple Solo/24','c2-apple-solo-24',NULL,1344,0,0,0,8.5250,7.7500,4,'i',100,102,'2016-12-08 22:24:55','2016-12-08 22:24:58'),(6,'noskuc2lemonsolo','C2 Lemon Solo /24','c2-lemon-solo-24',NULL,0,0,0,0,8.5250,7.7500,4,NULL,100,102,'2016-12-08 22:24:55','2016-12-08 22:24:55'),(7,'4800016052040','C2 Apple 355ml /24','c2-apple-355ml-24',NULL,0,0,0,0,16.6100,15.1000,4,'k',100,102,'2016-12-08 22:24:55','2016-12-08 22:24:55'),(8,'4800016052057','C2 Lemon 355ml /24','c2-lemon-355ml-24',NULL,0,0,0,0,16.6100,15.1000,4,'l',100,102,'2016-12-08 22:24:55','2016-12-08 22:24:55'),(9,'4800016052132','C2 Apple 500ml /24','c2-apple-500ml-24',NULL,0,0,0,0,20.9770,19.0700,4,'m',100,102,'2016-12-08 22:24:55','2016-12-08 22:24:55'),(10,'4800016052149','C2 Lemon 500ml /24','c2-lemon-500ml-24',NULL,0,0,0,0,20.9770,19.0700,4,'n',100,102,'2016-12-08 22:24:55','2016-12-08 22:24:55'),(11,'4800016021039','Great Taste White 3in1/240','great-taste-white-3in1-240',NULL,20,0,0,0,6.2810,5.7100,4,'a',100,102,'2016-12-08 22:24:55','2016-12-08 22:24:58'),(12,'4800611546760','Cobra Original 350ml /24','cobra-original-350ml-24',NULL,72,0,0,0,17.9080,16.2800,4,'zk',100,14,'2016-12-08 22:24:55','2016-12-08 22:24:58'),(13,'4800611223579','Cobra Smart 350ml /24','cobra-smart-350ml-24',NULL,0,0,0,0,18.8760,17.1600,4,'zl',100,14,'2016-12-08 22:24:55','2016-12-08 22:24:55'),(14,'4800611112880','Cobra Berry Blast 350ml /24','cobra-berry-blast-350ml-24',NULL,32,0,0,0,17.9080,16.2800,4,'zm',100,14,'2016-12-08 22:24:55','2016-12-08 22:24:58'),(16,'8851028000808','Vitamilk Choco /24','vitamilk-choco-24',NULL,7,0,0,0,23.8260,21.6600,4,'zd',100,14,'2016-12-08 22:24:55','2016-12-08 22:24:58'),(17,'8851028000945','Vitamilk Plain /24','vitamilk-plain-24',NULL,69,0,0,0,23.8260,21.6600,4,'ze',100,14,'2016-12-08 22:24:55','2016-12-08 22:24:58'),(18,'8851028001614','Vitamilk Energy /24','vitamilk-energy-24',NULL,0,0,0,0,23.8260,21.6600,4,'zf',100,14,'2016-12-08 22:24:55','2016-12-08 22:24:55'),(19,'4800220503451','Tanduay Rhum 5 years 250ml /30','tanduay-rhum-5-years-250ml-30',NULL,0,0,0,0,29.3370,26.6700,4,NULL,100,14,'2016-12-08 22:24:55','2016-12-08 22:24:55'),(20,'noskutanduayrhum375','Tanduay Rhum 5 years 375ml /24','tanduay-rhum-5-years-375ml-24',NULL,0,0,0,0,40.6450,36.9500,4,NULL,100,14,'2016-12-08 22:24:55','2016-12-08 22:24:55'),(21,'4800220503154','Tanduay Rhum 5 years 750ml /12','tanduay-rhum-5-years-750ml-12',NULL,0,0,0,0,81.2900,73.9000,4,NULL,100,14,'2016-12-08 22:24:55','2016-12-08 22:24:55'),(22,'4800220531355','Tanduay Ice White /24','tanduay-ice-white-24',NULL,0,0,0,0,24.1120,21.9200,4,NULL,100,14,'2016-12-08 22:24:55','2016-12-08 22:24:55'),(23,'4800220531379','Tanduay Ice Blue /24','tanduay-ice-blue-24',NULL,0,0,0,0,24.1120,21.9200,4,NULL,100,14,'2016-12-08 22:24:55','2016-12-08 22:24:55'),(24,'4800220531362','Tanduay Ice Red /24','tanduay-ice-red-24',NULL,0,0,0,0,24.1120,21.9200,4,NULL,100,14,'2016-12-08 22:24:55','2016-12-08 22:24:55'),(25,'4801981116072','Coke 1.5L /12','coke-1-5l-12',NULL,14,0,0,0,46.3980,42.1800,4,'zn',100,315,'2016-12-08 22:24:55','2016-12-08 22:24:58'),(26,'4801981116270','Sprite 1.5L /12','sprite-1-5l-12',NULL,68,0,0,0,46.3980,42.1800,4,'zo',100,315,'2016-12-08 22:24:55','2016-12-08 22:24:58'),(27,'4801981116171','Royal 1.5L /12','royal-1-5l-12',NULL,0,0,0,0,46.3980,42.1800,4,'zp',100,315,'2016-12-08 22:24:55','2016-12-08 22:24:55'),(29,'4801981110001','Coke in Can /24','coke-in-can-24',NULL,0,0,0,0,23.6830,21.5300,4,NULL,100,315,'2016-12-08 22:24:55','2016-12-08 22:24:55'),(30,'4801981110209','Sprite in Can /24','sprite-in-can-24',NULL,0,0,0,0,23.6830,21.5300,4,NULL,100,315,'2016-12-08 22:24:55','2016-12-08 22:24:55'),(31,'4801981110100','Royal in Can /24','royal-in-can-24',NULL,0,0,0,0,23.6830,21.5300,4,NULL,100,315,'2016-12-08 22:24:55','2016-12-08 22:24:55'),(32,'4800024562692','Del Monte Pineapple Juice ACE 240ml /24','del-monte-pineapple-juice-ace-240ml-24',NULL,96,0,0,0,24.7940,22.5400,4,'zzh',100,17,'2016-12-08 22:24:55','2016-12-08 22:24:58'),(33,'4800024562739','Del Monte Pineapple Juice ACE 1.36ml /12','del-monte-pineapple-juice-ace-1-36ml-12',NULL,6,0,0,0,76.5930,69.6300,4,'zzn',100,17,'2016-12-08 22:24:55','2016-12-08 22:24:58'),(34,'4800024562616','Del Monte Pineapple Juice Fiber 240ml /24','del-monte-pineapple-juice-fiber-240ml-24',NULL,98,0,0,0,26.4110,24.0100,4,'zzj',100,17,'2016-12-08 22:24:55','2016-12-08 22:24:58'),(35,'4800024570611','Del Monte Pineapple Tidbits 115g /48','del-monte-pineapple-tidbits-115g-48',NULL,56,0,0,0,13.1670,11.9700,4,'zd',100,17,'2016-12-08 22:24:55','2016-12-08 22:24:58'),(36,'4800024562258','Del Monte Pineapple Tidbits Flat 227g /24','del-monte-pineapple-tidbits-flat-227g-24',NULL,26,0,0,0,25.3000,23.0000,4,'ze',100,17,'2016-12-08 22:24:55','2016-12-08 22:24:58'),(37,'4800024555489','Del Monte Tomato Sauce 115g /48','del-monte-tomato-sauce-115g-48',NULL,0,0,0,0,15.7410,14.3100,4,'za',100,17,'2016-12-08 22:24:55','2016-12-08 22:24:55'),(38,'4800024555496','Del Monte Tomato Sauce 200g /48','del-monte-tomato-sauce-200g-48',NULL,2,0,0,0,19.4150,17.6500,4,'zb',100,17,'2016-12-08 22:24:55','2016-12-08 22:24:58'),(39,'4800024556929','Del Monte Tomato Sauce 250g /48','del-monte-tomato-sauce-250g-48',NULL,48,0,0,0,22.1870,20.1700,4,'zc',100,17,'2016-12-08 22:24:55','2016-12-08 22:24:58'),(40,'4800575140370','Alaska Evaporada 370ml /48','alaska-evaporada-370ml-48',NULL,0,0,0,0,27.2030,24.7300,4,NULL,100,21,'2016-12-08 22:24:55','2016-12-08 22:24:55'),(41,'750515017450','Fita Single 10s /24','fita-single-10s-24',NULL,36,0,0,0,47.9380,43.5800,4,'zk',100,18,'2016-12-08 22:24:55','2016-12-08 22:24:58'),(42,'4807770101694','Butter Coconut /60','butter-coconut-60',NULL,224,0,0,0,12.5950,11.4500,4,'zj',100,18,'2016-12-08 22:24:55','2016-12-08 22:24:58'),(43,'4807770101861','Bread Stix 35g /60','bread-stix-35g-60',NULL,40,0,0,0,6.9080,6.2800,4,'zg',100,18,'2016-12-08 22:24:55','2016-12-08 22:24:58'),(45,'4807770101502','Bread Stix 20g 10 s /10','bread-stix-20g-10-s-10',NULL,8,0,0,0,47.9380,43.5800,4,'zf',100,18,'2016-12-08 22:24:55','2016-12-08 22:24:58'),(46,'4807770100468','Eggnog 32g /60','eggnog-32g-60',NULL,95,0,0,0,6.9080,6.2800,4,'zi',100,18,'2016-12-08 22:24:55','2016-12-08 22:24:58'),(48,'4807770100963','Eggnog 18g 10s /10','eggnog-18g-10s-10',NULL,16,0,0,0,47.9380,43.5800,4,'zh',100,18,'2016-12-08 22:24:55','2016-12-08 22:24:58'),(49,'noskuclassicmamon','Monde Special Classic Mamon /12','monde-special-classic-mamon-12',NULL,47,0,0,0,72.4130,65.8300,4,'zn',100,18,'2016-12-08 22:24:55','2016-12-08 22:24:58'),(50,'4807770120213','Nissin Wafer Choco 12g 20s /20','nissin-wafer-choco-12g-20s-20',NULL,0,0,0,0,36.9600,33.6000,4,'zm',100,18,'2016-12-08 22:24:55','2016-12-08 22:24:55'),(51,'4807770120442','Voice Choco 10s /30','voice-choco-10s-30',NULL,10,0,0,0,51.4030,46.7300,4,'zl',100,18,'2016-12-08 22:24:55','2016-12-08 22:24:58'),(52,'750515018501','Sky Flakes Crackers 10s /30','sky-flakes-crackers-10s-30',NULL,94,0,0,0,47.2450,42.9500,4,'zb',100,18,'2016-12-08 22:24:55','2016-12-08 22:24:58'),(53,'750515018488','Sky Flakes Crackers 24s /15','sky-flakes-crackers-24s-15',NULL,46,0,0,0,108.3830,98.5300,4,'zc',100,18,'2016-12-08 22:24:55','2016-12-08 22:24:58'),(54,'750515031531','Sky Flakes Condensada 10s /30','sky-flakes-condensada-10s-30',NULL,50,0,0,0,51.4690,46.7900,4,'zd',100,18,'2016-12-08 22:24:55','2016-12-08 22:24:58'),(55,'4807770270055','Lucky Me Pancit Canton Original /72','lucky-me-pancit-canton-original-72',NULL,0,0,0,0,9.5810,8.7100,4,'k',100,18,'2016-12-08 22:24:55','2016-12-08 22:24:55'),(56,'4807770270123','Lucky Me Pancit Canton Kalamansi /72','lucky-me-pancit-canton-kalamansi-72',NULL,0,0,0,0,9.5810,8.7100,4,'l',100,18,'2016-12-08 22:24:55','2016-12-08 22:24:55'),(57,'4807770271229','Lucky Me Pancit Canton Extra Hot /72','lucky-me-pancit-canton-extra-hot-72',NULL,0,0,0,0,9.5810,8.7100,4,'m',100,18,'2016-12-08 22:24:55','2016-12-08 22:24:55'),(58,'4807770270291','Lucky Me Pancit Canton Chilimansi /72','lucky-me-pancit-canton-chilimansi-72',NULL,0,0,0,0,9.5810,8.7100,4,'n',100,18,'2016-12-08 22:24:55','2016-12-08 22:24:55'),(59,'4807770272554','Lucky Me Pancit Canton Sweet and Spicy /72','lucky-me-pancit-canton-sweet-and-spicy-72',NULL,0,0,0,0,9.5810,8.7100,4,'o',100,18,'2016-12-08 22:24:55','2016-12-08 22:24:55'),(60,'4807770270017','Lucky Me Beef Noodles /72','lucky-me-beef-noodles-72',NULL,405,0,0,0,7.8100,7.1000,4,'c',100,18,'2016-12-08 22:24:55','2016-12-08 22:24:58'),(61,'4807770270024','Lucky Me Chicken Noodles /72','lucky-me-chicken-noodles-72',NULL,373,0,0,0,7.8100,7.1000,4,'d',100,18,'2016-12-08 22:24:55','2016-12-08 22:24:58'),(62,'4807770272653','Lucky Me Supreme Jjamppong Small /45','lucky-me-supreme-jjamppong-small-45',NULL,1,0,0,0,22.0000,20.0000,4,'zj',100,18,'2016-12-08 22:24:55','2016-12-08 22:24:58'),(65,'4800142110072','Emperador Lights 500ml /15','emperador-lights-500ml-15',NULL,35,0,0,0,66.0660,60.0600,4,NULL,100,19,'2016-12-08 22:24:55','2016-12-08 22:24:58'),(66,'4800142110089','Emperador Lights 750ml /12','emperador-lights-750ml-12',NULL,109,0,0,0,92.4000,84.0000,4,'',100,19,'2016-12-08 22:24:55','2016-12-08 22:24:58'),(67,'4800142110102','Emperador Lights 1L /12','emperador-lights-1l-12',NULL,112,0,0,0,125.3340,113.9400,4,'',100,19,'2016-12-08 22:24:55','2016-12-08 22:24:58'),(68,'4800049720107','Nature Spring 350ml /40','nature-spring-350ml-40',NULL,160,0,0,0,6.6000,6.0000,4,'zzo',100,202,'2016-12-08 22:24:55','2016-12-08 22:24:58'),(69,'4800049720114','Nature Spring 500ml /35','nature-spring-500ml-35',NULL,160,0,0,0,8.8000,8.0000,4,'zzp',100,202,'2016-12-08 22:24:55','2016-12-08 22:24:58'),(70,'4800049720121','Nature Spring 1L /20','nature-spring-1l-20',NULL,28,0,0,0,14.5750,13.2500,4,'zzq',100,202,'2016-12-08 22:24:55','2016-12-08 22:24:58'),(71,'4800602087937','Wilkins 1L /12','wilkins-1l-12',NULL,0,0,0,0,26.9500,24.5000,4,NULL,100,315,'2016-12-08 22:24:55','2016-12-08 22:24:55'),(72,'4800099101048','Wilkins 4L /4','wilkins-4l-4',NULL,0,0,0,0,67.2760,61.1600,4,NULL,100,315,'2016-12-08 22:24:55','2016-12-08 22:24:55'),(73,'4800099101178','Wilkins 6L/3','wilkins-6l-3',NULL,78,0,0,0,80.8500,73.5000,4,'zzs',100,315,'2016-12-08 22:24:55','2016-12-08 22:24:58'),(74,'4803925350054','Gatorade Blue 350ml /24','gatorade-blue-350ml-24',NULL,174,0,0,0,21.4830,19.5300,4,'r',100,335,'2016-12-08 22:24:55','2016-12-08 22:24:58'),(75,'4803925350016','Gatorade Red 350ml /24','gatorade-red-350ml-24',NULL,74,0,0,0,21.4830,19.5300,4,'s',100,335,'2016-12-08 22:24:55','2016-12-08 22:24:58'),(76,'4803925350023','Gatorade Violet 350ml /24','gatorade-violet-350ml-24',NULL,110,0,0,0,21.4830,19.5300,4,'t',100,335,'2016-12-08 22:24:55','2016-12-08 22:24:58'),(77,'4803925071140','Gatorade Blue 400ml /24','gatorade-blue-400ml-24',NULL,0,0,0,0,22.8140,20.7400,4,NULL,100,335,'2016-12-08 22:24:55','2016-12-08 22:24:55'),(78,'4803925071102','Gatorade Red 400ml /24','gatorade-red-400ml-24',NULL,0,0,0,0,22.8140,20.7400,4,NULL,100,335,'2016-12-08 22:24:55','2016-12-08 22:24:55'),(79,'noskugatorade400violet','Gatorade Violet 400ml /24','gatorade-violet-400ml-24',NULL,0,0,0,0,22.8140,20.7400,4,NULL,100,335,'2016-12-08 22:24:55','2016-12-08 22:24:55'),(80,'4803925061141','Gatorade Blue 500ml /24','gatorade-blue-500ml-24',NULL,202,0,0,0,30.2280,27.4800,4,'y',100,335,'2016-12-08 22:24:55','2016-12-08 22:24:58'),(81,'4803925061103','Gatorade Red 500ml /24','gatorade-red-500ml-24',NULL,122,0,0,0,30.2280,27.4800,4,'z',100,335,'2016-12-08 22:24:55','2016-12-08 22:24:58'),(82,'4803925061110','Gatorade Violet 500ml /24','gatorade-violet-500ml-24',NULL,109,0,0,0,30.2280,27.4800,4,'za',100,335,'2016-12-08 22:24:55','2016-12-08 22:24:58'),(83,'4803925241130','Gatorade Blue 1500ml /12','gatorade-blue-1500ml-12',NULL,0,0,0,0,64.8340,58.9400,4,NULL,100,335,'2016-12-08 22:24:55','2016-12-08 22:24:55'),(84,'014285003908','UFC Banana Ketchup Baon /240','ufc-banana-ketchup-baon-240',NULL,346,0,0,0,2.1890,1.9900,4,'pa',100,16,'2016-12-08 22:24:55','2016-12-08 22:24:58'),(85,'014285002789','UFC Banana Ketchup Budget /48','ufc-banana-ketchup-budget-48',NULL,1,0,0,0,7.4030,6.7300,4,'pb',100,16,'2016-12-08 22:24:55','2016-12-08 22:24:58'),(86,'014285003656','UFC Banana Ketchup Savers /48','ufc-banana-ketchup-savers-48',NULL,116,0,0,0,12.5510,11.4100,4,'pc',100,16,'2016-12-08 22:24:55','2016-12-08 22:24:58'),(87,'014285000068','UFC Banana Ketchup 330ml /24','ufc-banana-ketchup-330ml-24',NULL,29,0,0,0,19.9430,18.1300,4,'pd',100,16,'2016-12-08 22:24:55','2016-12-08 22:24:58'),(88,'noskusukasakto','Datu Puti Vinegar Sakto /144','datu-puti-vinegar-sakto-144',NULL,222,0,0,0,2.6290,2.3900,4,'g',100,16,'2016-12-08 22:24:55','2016-12-08 22:24:58'),(89,'4801668602225','Datu Puti Vinegar 100ml /72','datu-puti-vinegar-100ml-72',NULL,75,0,0,0,3.8653,3.5139,4,'h',100,16,'2016-12-08 22:24:55','2016-12-08 22:24:58'),(90,'4801668602027','Datu Puti Vinegar 200ml /60','datu-puti-vinegar-200ml-60',NULL,241,0,0,0,6.1600,5.6000,4,'i',100,16,'2016-12-08 22:24:55','2016-12-08 22:24:58'),(91,'4801668100103','Datu Puti Vinegar 340ml /24','datu-puti-vinegar-340ml-24',NULL,56,0,0,0,13.5630,12.3300,4,'j',100,16,'2016-12-08 22:24:55','2016-12-08 22:24:58'),(92,'4801668600825','Datu Puti Vinegar Refill 350ml /30','datu-puti-vinegar-refill-350ml-30',NULL,0,0,0,0,12.2760,11.1600,4,NULL,100,16,'2016-12-08 22:24:55','2016-12-08 22:24:55'),(93,'4801668100141','Datu Puti Vinegar 1L /12','datu-puti-vinegar-1l-12',NULL,11,0,0,0,32.4940,29.5400,4,'l',100,16,'2016-12-08 22:24:55','2016-12-08 22:24:58'),(94,'noskutoyosakto','Datu Puti Soy Sauce Sakto /144','datu-puti-soy-sauce-sakto-144',NULL,204,0,0,0,2.9150,2.6500,4,'a',100,16,'2016-12-08 22:24:55','2016-12-08 22:24:58'),(95,'4801668602218','Datu Puti Soy Sauce 100ml /72','datu-puti-soy-sauce-100ml-72',NULL,113,0,0,0,4.7615,4.3286,4,'b',100,16,'2016-12-08 22:24:55','2016-12-08 22:24:58'),(96,'4801668602034','Datu Puti Soy Sauce 200ml /60','datu-puti-soy-sauce-200ml-60',NULL,157,0,0,0,8.4040,7.6400,4,'c',100,16,'2016-12-08 22:24:55','2016-12-08 22:24:58'),(97,'4801668500262','Datu Puti Soy Sauce 340ml /24','datu-puti-soy-sauce-340ml-24',NULL,50,0,0,0,15.6860,14.2600,4,'d',100,16,'2016-12-08 22:24:55','2016-12-08 22:24:58'),(98,'4801668600832','Datu Puti Soy Sauce Refill 350ml /30','datu-puti-soy-sauce-refill-350ml-30',NULL,0,0,0,0,13.6180,12.3800,4,NULL,100,16,'2016-12-08 22:24:55','2016-12-08 22:24:55'),(99,'4801668500224','Datu Puti Soy Sauce 1L /12','datu-puti-soy-sauce-1l-12',NULL,2,0,0,0,39.4360,35.8509,4,'f',100,16,'2016-12-08 22:24:55','2016-12-08 22:24:58'),(100,'4801668600542','Datu Puti Patis Budget 150ml /60','datu-puti-patis-budget-150ml-60',NULL,131,0,0,0,9.4160,8.5600,4,'n',100,16,'2016-12-08 22:24:55','2016-12-08 22:24:58'),(101,'4801668501030','Datu Puti Patis 350ml /24','datu-puti-patis-350ml-24',NULL,29,0,0,0,19.4370,17.6700,4,'o',100,16,'2016-12-08 22:24:55','2016-12-08 22:24:58'),(102,'4801668505045','Datu Puti Patis 1L /12','datu-puti-patis-1l-12',NULL,13,0,0,0,52.4920,47.7200,4,'p',100,16,'2016-12-08 22:24:55','2016-12-08 22:24:58'),(103,'014285003885','Golden Fiesta Cooking Oil 500ml /24','golden-fiesta-cooking-oil-500ml-24',NULL,22,0,0,0,50.1380,45.5800,4,'u',100,16,'2016-12-08 22:24:55','2016-12-08 22:24:58'),(104,'014285000921','Golden Fiesta Cooking Oil 950ml /12','golden-fiesta-cooking-oil-950ml-12',NULL,9,0,0,0,105.6000,96.0000,4,'v',100,16,'2016-12-08 22:24:55','2016-12-08 22:24:58'),(105,'014285003410','Golden Fiesta Cooking Oil 1L /12','golden-fiesta-cooking-oil-1l-12',NULL,1,0,0,0,98.5930,89.6300,4,'w',100,16,'2016-12-08 22:24:55','2016-12-08 22:24:58'),(106,'noskugatorade5plus1','Gatorade 5+1 Promo 500ml 6s /4','gatorade-5-1-promo-500ml-6s-4',NULL,0,0,0,0,0.0000,0.0000,4,NULL,100,335,'2016-12-08 22:24:55','2016-12-08 22:24:55'),(107,'4800361383325','Milo Tonic Food Drink 12s /42','milo-tonic-food-drink-12s-42',NULL,62,0,0,0,74.8220,68.0200,4,'c',100,209,'2016-12-08 22:24:55','2016-12-08 22:24:58'),(108,'4801668100417','Datu Puti Pares Pack 1L 2s /6','datu-puti-pares-pack-1l-2s-6',NULL,0,0,0,0,60.7860,55.2600,4,NULL,100,16,'2016-12-08 22:24:55','2016-12-08 22:24:55'),(109,'4800016052774','C2 Apple 1L /12','c2-apple-1l-12',NULL,0,0,0,0,29.7330,27.0300,4,'o',100,102,'2016-12-08 22:24:55','2016-12-08 22:24:55'),(110,'14800016551854','Nissin Cup Noodles Spicy Seafoods Small /48','nissin-cup-noodles-spicy-seafoods-small-48',NULL,1,0,0,0,16.5660,15.0600,4,'t',100,102,'2016-12-08 22:24:55','2016-12-08 22:24:58'),(111,'14800016552103','Nissin Cup Noodles Beef Small /48','nissin-cup-noodles-beef-small-48',NULL,36,0,0,0,16.5660,15.0600,4,'w',100,102,'2016-12-08 22:24:55','2016-12-08 22:24:58'),(112,'14800016552110','Nissin Cup Noodles Seafoods Small /48','nissin-cup-noodles-seafoods-small-48',NULL,33,0,0,0,16.5660,15.0600,4,'u',100,102,'2016-12-08 22:24:55','2016-12-08 22:24:58'),(113,'14800016552134','Nissin Cup Noodles Batchoy Small /48','nissin-cup-noodles-batchoy-small-48',NULL,46,0,0,0,16.5660,15.0600,4,'',100,102,'2016-12-08 22:24:55','2016-12-08 22:24:58'),(114,'14800016552271','Nissin Cup Noodles Bulalo Small /48','nissin-cup-noodles-bulalo-small-48',NULL,1,0,0,0,16.5660,15.0600,4,'y',100,102,'2016-12-08 22:24:55','2016-12-08 22:24:58'),(115,'14800016560009','Payless Beef Mami 10+1 Tindahan Promo 11s /6','payless-beef-mami-10-1-tindahan-promo-11s-6',NULL,0,0,0,0,67.3200,61.2000,4,'ba',100,102,'2016-12-08 22:24:55','2016-12-08 22:24:55'),(116,'14800016056304','C2 Apple 1.5L /12','c2-apple-1-5l-12',NULL,0,0,0,0,40.9530,37.2300,4,NULL,100,102,'2016-12-08 22:24:55','2016-12-08 22:24:55'),(117,'14000165521257','Nissin Cup Noodles Chicken Small /48','nissin-cup-noodles-chicken-small-48',NULL,0,0,0,0,16.5660,15.0600,4,NULL,100,102,'2016-12-08 22:24:55','2016-12-08 22:24:55'),(119,'61131','Roller Coaster Ketchup Craze Small /100','roller-coaster-ketchup-craze-small-100',NULL,0,0,0,0,5.7310,5.2100,4,NULL,100,102,'2016-12-08 22:24:55','2016-12-08 22:24:55'),(120,'61133','Roller Coaster Ham & Cheese Small /100','roller-coaster-ham-cheese-small-100',NULL,0,0,0,0,5.7310,5.2100,4,NULL,100,102,'2016-12-08 22:24:55','2016-12-08 22:24:55'),(121,'13853','Tortillos Bbq Small /100','tortillos-bbq-small-100',NULL,0,0,0,0,5.7310,5.2100,4,NULL,100,102,'2016-12-08 22:24:55','2016-12-08 22:24:55'),(122,'13856','Tortillos Cheese Small /100','tortillos-cheese-small-100',NULL,0,0,0,0,5.7310,5.2100,4,NULL,100,102,'2016-12-08 22:24:55','2016-12-08 22:24:55'),(123,'13859','Tortillos Chili Small /100','tortillos-chili-small-100',NULL,0,0,0,0,5.7310,5.2100,4,NULL,100,102,'2016-12-08 22:24:55','2016-12-08 22:24:55'),(124,'62253','V-Cut Potato Chips Small /80','v-cut-potato-chips-small-80',NULL,211,0,0,0,11.1650,10.1500,4,'i',100,102,'2016-12-08 22:24:55','2016-12-08 22:24:58'),(125,'2116','Great Taste Original 3in1 Twin Pack/240','great-taste-original-3in1-twin-pack-240',NULL,30,0,0,0,8.1400,7.4000,4,'b',100,102,'2016-12-08 22:24:55','2016-12-08 22:24:58'),(126,'7248','Cloud9 Choco Drink 180ml /36','cloud9-choco-drink-180ml-36',NULL,0,0,0,0,14.9600,13.6000,4,'zha',100,102,'2016-12-08 22:24:55','2016-12-08 22:24:55'),(127,'7635','Presto Creams Vanilla 10s /20','presto-creams-vanilla-10s-20',NULL,0,0,0,0,46.9590,42.6900,4,'k',100,102,'2016-12-08 22:24:55','2016-12-08 22:24:55'),(128,'66527','Piattos Roast Beef Small /80','piattos-roast-beef-small-80',NULL,0,0,0,0,11.5060,10.4600,4,NULL,100,102,'2016-12-08 22:24:55','2016-12-08 22:24:55'),(129,'7636','Presto Creams Choco 10s /20','presto-creams-choco-10s-20',NULL,0,0,0,0,46.9590,42.6900,4,'j',100,102,'2016-12-08 22:24:55','2016-12-08 22:24:55'),(130,'7637','Presto Creams Peanut Butter 10s /20','presto-creams-peanut-butter-10s-20',NULL,20,0,0,0,46.9590,42.6900,4,'i',100,102,'2016-12-08 22:24:55','2016-12-08 22:24:58'),(131,'7675','Presto Creams Coffee Mocha 10s /20','presto-creams-coffee-mocha-10s-20',NULL,0,0,0,0,46.9590,42.6900,4,NULL,100,102,'2016-12-08 22:24:55','2016-12-08 22:24:55'),(132,'7761','Presto Peanut Butter & Jelly Cookies 10s /20','presto-peanut-butter-jelly-cookies-10s-20',NULL,0,0,0,0,52.1730,47.4300,4,NULL,100,102,'2016-12-08 22:24:55','2016-12-08 22:24:55'),(133,'8404','Wafrets Brix Cheese 10s /24','wafrets-brix-cheese-10s-24',NULL,2,0,0,0,46.4530,42.2300,4,'x',100,102,'2016-12-08 22:24:55','2016-12-08 22:24:58'),(134,'47539','Dynamite Melon Mint 50s /40','dynamite-melon-mint-50s-40',NULL,0,0,0,0,31.6250,28.7500,4,NULL,100,102,'2016-12-08 22:24:55','2016-12-08 22:24:55'),(135,'30805','Maxx Iceman 440s /6','maxx-iceman-440s-6',NULL,0,0,0,0,239.9650,218.1500,4,NULL,100,102,'2016-12-08 22:24:55','2016-12-08 22:24:55'),(136,'47532','X.O. Coffee 440s /6','x-o-coffee-440s-6',NULL,0,0,0,0,239.9650,218.1500,4,'y',100,102,'2016-12-08 22:24:55','2016-12-08 22:24:55'),(137,'47533','X.O. Butter Caramel 440s /6','x-o-butter-caramel-440s-6',NULL,0,0,0,0,239.9650,218.1500,4,'z',100,102,'2016-12-08 22:24:55','2016-12-08 22:24:55'),(138,'47534','X.O. Choco Shake 440s /6','x-o-choco-shake-440s-6',NULL,0,0,0,0,239.9650,218.1500,4,'za',100,102,'2016-12-08 22:24:55','2016-12-08 22:24:55'),(139,'78111','BigBang 12s /12','bigbang-12s-12',NULL,0,0,0,0,74.0520,67.3200,4,NULL,100,102,'2016-12-08 22:24:55','2016-12-08 22:24:55'),(140,'11063','Puff Corn Caramel /100','puff-corn-caramel-100',NULL,0,0,0,0,4.3780,3.9800,4,NULL,100,102,'2016-12-08 22:24:55','2016-12-08 22:24:55'),(141,'11601','Puff Corn Chocolate /100','puff-corn-chocolate-100',NULL,0,0,0,0,4.3780,3.9800,4,NULL,100,102,'2016-12-08 22:24:55','2016-12-08 22:24:55'),(142,'60158','Chippy Garlic & Vinegar Small /100','chippy-garlic-vinegar-small-100',NULL,0,0,0,0,5.7310,5.2100,4,NULL,100,102,'2016-12-08 22:24:55','2016-12-08 22:24:55'),(143,'63505','Chippy Mild & Tasty Small /100','chippy-mild-tasty-small-100',NULL,0,0,0,0,5.7310,5.2100,4,NULL,100,102,'2016-12-08 22:24:55','2016-12-08 22:24:55'),(144,'64100','Chippy Chili & Cheese Small /100','chippy-chili-cheese-small-100',NULL,0,0,0,0,5.7310,5.2100,4,'zq',100,102,'2016-12-08 22:24:55','2016-12-08 22:24:55'),(145,'10574','Chiz Curls Cheese Flavored Small /100','chiz-curls-cheese-flavored-small-100',NULL,0,0,0,0,5.7200,5.2000,4,'zzj',100,102,'2016-12-08 22:24:55','2016-12-08 22:24:55'),(146,'11054','Chicharron ni Mang Juan Sukat Sili Small /80','chicharron-ni-mang-juan-sukat-sili-small-80',NULL,0,0,0,0,5.5000,5.0000,4,'za',100,102,'2016-12-08 22:24:55','2016-12-08 22:24:55'),(147,'11053','Chicharron ni Mang Juan Sukang Paombong Small /80','chicharron-ni-mang-juan-sukang-paombong-small-80',NULL,20,0,0,0,5.5000,5.0000,4,'z',100,102,'2016-12-08 22:24:55','2016-12-08 22:24:58'),(148,'11501','Chicken Skin ni Mang Juan Small /100','chicken-skin-ni-mang-juan-small-100',NULL,0,0,0,0,5.7310,5.2100,4,NULL,100,102,'2016-12-08 22:24:55','2016-12-08 22:24:55'),(149,'60302','Mr. Chips Nacho Pinoy Spaghetti Small /100','mr-chips-nacho-pinoy-spaghetti-small-100',NULL,0,0,0,0,5.7310,5.2100,4,NULL,100,102,'2016-12-08 22:24:55','2016-12-08 22:24:55'),(150,'65203','Mr. Chips Nacho Cheese Small /100','mr-chips-nacho-cheese-small-100',NULL,0,0,0,0,5.7310,5.2100,4,'zda',100,102,'2016-12-08 22:24:55','2016-12-08 22:24:55'),(151,'60422','Nova Homestyle Bbq Small /80','nova-homestyle-bbq-small-80',NULL,0,0,0,0,11.5060,10.4600,4,NULL,100,102,'2016-12-08 22:24:55','2016-12-08 22:24:55'),(152,'66380','Nova Country Cheddar Small /80','nova-country-cheddar-small-80',NULL,98,0,0,0,11.5060,10.4600,4,'o',100,102,'2016-12-08 22:24:55','2016-12-08 22:24:58'),(153,'64480','Piattos Cheese Small /80','piattos-cheese-small-80',NULL,135,0,0,0,11.5060,10.4600,4,'a',100,102,'2016-12-08 22:24:55','2016-12-08 22:24:58'),(154,'8406','Wafrets Brix Choco 10s /24','wafrets-brix-choco-10s-24',NULL,0,0,0,0,46.4530,42.2300,4,'v',100,102,'2016-12-08 22:24:55','2016-12-08 22:24:55'),(157,'11225','Quake Bars Choco 10s /14','quake-bars-choco-10s-14',NULL,0,0,0,0,57.4750,52.2500,4,NULL,100,102,'2016-12-08 22:24:55','2016-12-08 22:24:55'),(158,'11226','Quake Bars Vanilla 10s /14','quake-bars-vanilla-10s-14',NULL,0,0,0,0,57.4750,52.2500,4,NULL,100,102,'2016-12-08 22:24:55','2016-12-08 22:24:55'),(159,'11239','Quake Overload Mocha Butter 10s /10','quake-overload-mocha-butter-10s-10',NULL,0,0,0,0,57.8710,52.6100,4,'n',100,102,'2016-12-08 22:24:55','2016-12-08 22:24:55'),(160,'7707','Cream-O Choco Chip Cookies 10s /20','cream-o-choco-chip-cookies-10s-20',NULL,0,0,0,0,74.4700,67.7000,4,'f',100,102,'2016-12-08 22:24:55','2016-12-08 22:24:55'),(161,'7753','Cream-O Cookies & Cream 10s /20','cream-o-cookies-cream-10s-20',NULL,0,0,0,0,46.9590,42.6900,4,'e',100,102,'2016-12-08 22:24:55','2016-12-08 22:24:55'),(162,'7860','Cream-O Crinkles 10s /20','cream-o-crinkles-10s-20',NULL,0,0,0,0,62.8320,57.1200,4,'d',100,102,'2016-12-08 22:24:55','2016-12-08 22:24:55'),(163,'7854','Cream-O Deluxe 10s /20','cream-o-deluxe-10s-20',NULL,0,0,0,0,62.8320,57.1200,4,'c',100,102,'2016-12-08 22:24:55','2016-12-08 22:24:55'),(164,'7506','Cream-O Vanilla 10s /20','cream-o-vanilla-10s-20',NULL,14,0,0,0,62.8320,57.1200,4,'a',100,102,'2016-12-08 22:24:55','2016-12-08 22:24:58'),(165,'7524','Cream-O Fudge 10s /20','cream-o-fudge-10s-20',NULL,14,0,0,0,62.8320,57.1200,4,'b',100,102,'2016-12-08 22:24:55','2016-12-08 22:24:58'),(166,'11302','Dewberry Blueberries & Cream 10s /20','dewberry-blueberries-cream-10s-20',NULL,0,0,0,0,62.8320,57.1200,4,'t',100,102,'2016-12-08 22:24:55','2016-12-08 22:24:55'),(167,'8354','Magic Flakes 10+1 Promo 11s /40','magic-flakes-10-1-promo-11s-40',NULL,0,0,0,0,43.5270,39.5700,4,'za',100,102,'2016-12-08 22:24:55','2016-12-08 22:24:55'),(168,'8296','Magic Chips Cheese /100','magic-chips-cheese-100',NULL,90,0,0,0,5.7310,5.2100,4,'zzg',100,102,'2016-12-08 22:24:55','2016-12-08 22:24:58'),(169,'62726','Jack & Jill Choco Knots /100','jack-jill-choco-knots-100',NULL,0,0,0,0,5.7310,5.2100,4,'zh',100,102,'2016-12-08 22:24:55','2016-12-08 22:24:55'),(170,'62727','Jack & Jill Berry Knots /100','jack-jill-berry-knots-100',NULL,0,0,0,0,5.7310,5.2100,4,'zj',100,102,'2016-12-08 22:24:55','2016-12-08 22:24:55'),(171,'62728','Jack & Jill Milky Knots /100','jack-jill-milky-knots-100',NULL,0,0,0,0,5.7310,5.2100,4,'zi',100,102,'2016-12-08 22:24:55','2016-12-08 22:24:55'),(172,'62828','Jack & Jill Mini Pretzel /100','jack-jill-mini-pretzel-100',NULL,13,0,0,0,5.7310,5.2100,4,'ze',100,102,'2016-12-08 22:24:55','2016-12-08 22:24:58'),(173,'30812','Dynamite Choco Berry Mint 440s /6','dynamite-choco-berry-mint-440s-6',NULL,0,0,0,0,239.9650,218.1500,4,NULL,100,102,'2016-12-08 22:24:55','2016-12-08 22:24:55'),(174,'30351','Maxx Dalandan Orange 440s /6','maxx-dalandan-orange-440s-6',NULL,10,0,0,0,239.9650,218.1500,4,'k',100,102,'2016-12-08 22:24:55','2016-12-08 22:24:58'),(175,'30360','Maxx Improved Extra Strength 440s /6','maxx-improved-extra-strength-440s-6',NULL,0,0,0,0,239.9650,218.1500,4,'m',100,102,'2016-12-08 22:24:55','2016-12-08 22:24:55'),(176,'30367','Maxx Iceman 50s /40','maxx-iceman-50s-40',NULL,0,0,0,0,30.5250,27.7500,4,NULL,100,102,'2016-12-08 22:24:55','2016-12-08 22:24:55'),(177,'30401','Maxx Cherry 50s /40','maxx-cherry-50s-40',NULL,25,0,0,0,31.6250,28.7500,4,'a',100,102,'2016-12-08 22:24:55','2016-12-08 22:24:58'),(178,'30501','Maxx Honey Mansi 50s /40','maxx-honey-mansi-50s-40',NULL,18,0,0,0,31.6250,28.7500,4,'c',100,102,'2016-12-08 22:24:55','2016-12-08 22:24:58'),(179,'30601','Maxx Honey Lemon 50s /40','maxx-honey-lemon-50s-40',NULL,26,0,0,0,31.6250,28.7500,4,'b',100,102,'2016-12-08 22:24:55','2016-12-08 22:24:58'),(180,'30701','Maxx Eucalyptus 50s /40','maxx-eucalyptus-50s-40',NULL,23,0,0,0,31.6250,28.7500,4,'d',100,102,'2016-12-08 22:24:55','2016-12-08 22:24:58'),(181,'78107','Cloud9 Classic 12s /144','cloud9-classic-12s-144',NULL,0,0,0,0,6.3250,5.7500,4,'zj',100,102,'2016-12-08 22:24:55','2016-12-08 22:24:55'),(182,'96362','Chooey Choco 40s /10','chooey-choco-40s-10',NULL,0,0,0,0,38.1480,34.6800,4,'zh',100,102,'2016-12-08 22:24:55','2016-12-08 22:24:55'),(183,'96363','Chooey Toffee 40s /10','chooey-toffee-40s-10',NULL,0,0,0,0,38.1480,34.6800,4,'zi',100,102,'2016-12-08 22:24:55','2016-12-08 22:24:55'),(184,'4174','Nips Regular Snack Bag 16s /6','nips-regular-snack-bag-16s-6',NULL,0,0,0,0,165.1540,150.1400,4,NULL,100,102,'2016-12-08 22:24:55','2016-12-08 22:24:55'),(185,'64202','Chippy Bbq Small /100','chippy-bbq-small-100',NULL,0,0,0,0,5.7310,5.2100,4,'zp',100,102,'2016-12-08 22:24:55','2016-12-08 22:24:55'),(186,'64309','Chippy Bbq Big /50','chippy-bbq-big-50',NULL,0,0,0,0,19.7230,17.9300,4,NULL,100,102,'2016-12-08 22:24:55','2016-12-08 22:24:55'),(187,'11051','Chicharron ni Mang Juan Sukang Paombong Big /18','chicharron-ni-mang-juan-sukang-paombong-big-18',NULL,0,0,0,0,15.7080,14.2800,4,'zb',100,102,'2016-12-08 22:24:55','2016-12-08 22:24:55'),(188,'11052','Chicharron ni Mang Juan Sukat Sili Big /18','chicharron-ni-mang-juan-sukat-sili-big-18',NULL,0,0,0,0,15.7080,14.2800,4,'zc',100,102,'2016-12-08 22:24:55','2016-12-08 22:24:55'),(189,'65309','Mr. Chips Nacho Cheese Big /50','mr-chips-nacho-cheese-big-50',NULL,0,0,0,0,18.8540,17.1400,4,NULL,100,102,'2016-12-08 22:24:55','2016-12-08 22:24:55'),(190,'63378','Piattos Roadhouse Bbq Small /80','piattos-roadhouse-bbq-small-80',NULL,10,0,0,0,11.5060,10.4600,4,'c',100,102,'2016-12-08 22:24:55','2016-12-08 22:24:58'),(191,'67180','Piattos Sour Cream Small /80','piattos-sour-cream-small-80',NULL,168,0,0,0,11.5060,10.4600,4,'b',100,102,'2016-12-08 22:24:55','2016-12-08 22:24:58'),(192,'66100','Roller Coaster Small /100','roller-coaster-small-100',NULL,2,0,0,0,5.7310,5.2100,4,'zzb',100,102,'2016-12-08 22:24:55','2016-12-08 22:24:58'),(193,'66109','Roller Coaster Big /50','roller-coaster-big-50',NULL,0,0,0,0,19.7230,17.9300,4,NULL,100,102,'2016-12-08 22:24:55','2016-12-08 22:24:55'),(194,'60325','V-Cut Cheese Small /80','v-cut-cheese-small-80',NULL,0,0,0,0,11.1650,10.1500,4,NULL,100,102,'2016-12-08 22:24:55','2016-12-08 22:24:55'),(209,'30359','Maxx Improved Extra Strength 50s /40','maxx-improved-extra-strength-50s-40',NULL,0,0,0,0,31.6250,28.7500,4,NULL,100,102,'2016-12-08 22:24:55','2016-12-08 22:24:55'),(210,'13851','Tortillos Bbq Big /50','tortillos-bbq-big-50',NULL,0,0,0,0,19.7230,17.9300,4,NULL,100,102,'2016-12-08 22:24:55','2016-12-08 22:24:55'),(211,'13854','Tortillos Cheese Big /50','tortillos-cheese-big-50',NULL,0,0,0,0,19.7230,17.9300,4,NULL,100,102,'2016-12-08 22:24:55','2016-12-08 22:24:55'),(212,'60326','V-Cut Cheese Big /50','v-cut-cheese-big-50',NULL,0,0,0,0,24.5080,22.2800,4,NULL,100,102,'2016-12-08 22:24:55','2016-12-08 22:24:55'),(213,'60328','V-Cut Onion & Garlic Small /80','v-cut-onion-garlic-small-80',NULL,0,0,0,0,11.1650,10.1500,4,NULL,100,102,'2016-12-08 22:24:55','2016-12-08 22:24:55'),(214,'60329','V-Cut Onion & Garlic Big /50','v-cut-onion-garlic-big-50',NULL,0,0,0,0,24.5080,22.2800,4,NULL,100,102,'2016-12-08 22:24:55','2016-12-08 22:24:55'),(215,'62553','V-Cut Potato Chips Big /50','v-cut-potato-chips-big-50',NULL,5,0,0,0,24.5080,22.2800,4,'l',100,102,'2016-12-08 22:24:55','2016-12-08 22:24:58'),(216,'7955','Hello Coated Chocolate 10s /24','hello-coated-chocolate-10s-24',NULL,0,0,0,0,39.2700,35.7000,4,'y',100,102,'2016-12-08 22:24:55','2016-12-08 22:24:55'),(217,'7957','Hello Coated Vanilla 10s /24','hello-coated-vanilla-10s-24',NULL,0,0,0,0,39.2700,35.7000,4,'z',100,102,'2016-12-08 22:24:55','2016-12-08 22:24:55'),(218,'4246','Nips Minis Polybag 24s /24','nips-minis-polybag-24s-24',NULL,0,0,0,0,22.8910,20.8100,4,'zr',100,102,'2016-12-08 22:24:55','2016-12-08 22:24:55'),(219,'11301','Dewberry Strawberries & Cream 10s /20','dewberry-strawberries-cream-10s-20',NULL,0,0,0,0,62.8320,57.1200,4,'s',100,102,'2016-12-08 22:24:55','2016-12-08 22:24:55'),(220,'8297','Magic Chips Barbecue /100','magic-chips-barbecue-100',NULL,0,0,0,0,5.7310,5.2100,4,NULL,100,102,'2016-12-08 22:24:55','2016-12-08 22:24:55'),(221,'47539big','Dynamite Melon Mint 440s /6','dynamite-melon-mint-440s-6',NULL,0,0,0,0,239.9650,218.1500,4,NULL,100,102,'2016-12-08 22:24:55','2016-12-08 22:24:55'),(222,'30348','Maxx Cherry 440s /6','maxx-cherry-440s-6',NULL,5,0,0,0,239.9650,218.1500,4,'h',100,102,'2016-12-08 22:24:55','2016-12-08 22:24:58'),(223,'30349','Maxx Honey Mansi 440s /6','maxx-honey-mansi-440s-6',NULL,3,0,0,0,239.9650,218.1500,4,'l',100,102,'2016-12-08 22:24:55','2016-12-08 22:24:58'),(224,'30347','Maxx Honey Lemon 440s /6','maxx-honey-lemon-440s-6',NULL,7,0,0,0,239.9650,218.1500,4,'i',100,102,'2016-12-08 22:24:55','2016-12-08 22:24:58'),(225,'30350','Maxx Eucalyptus 440s /6','maxx-eucalyptus-440s-6',NULL,5,0,0,0,239.9650,218.1500,4,'j',100,102,'2016-12-08 22:24:55','2016-12-08 22:24:58'),(226,'4268','Nips Ties Choco 12s /24','nips-ties-choco-12s-24',NULL,0,0,0,0,38.2800,34.8000,4,NULL,100,102,'2016-12-08 22:24:55','2016-12-08 22:24:55'),(227,'64150','Chippy Chili & Cheese Big /50','chippy-chili-cheese-big-50',NULL,0,0,0,0,19.7230,17.9300,4,NULL,100,102,'2016-12-08 22:24:55','2016-12-08 22:24:55'),(228,'60303','Mr. Chips Nacho Pinoy Spaghetti Big /50','mr-chips-nacho-pinoy-spaghetti-big-50',NULL,0,0,0,0,18.8540,17.1400,4,NULL,100,102,'2016-12-08 22:24:55','2016-12-08 22:24:55'),(229,'60423','Nova Homestyle Bbq Big /50','nova-homestyle-bbq-big-50',NULL,0,0,0,0,25.2450,22.9500,4,NULL,100,102,'2016-12-08 22:24:55','2016-12-08 22:24:55'),(230,'66350','Nova Country Cheddar Big /50','nova-country-cheddar-big-50',NULL,12,0,0,0,25.2450,22.9500,4,'q',100,102,'2016-12-08 22:24:55','2016-12-08 22:24:58'),(231,'63379','Piattos Roadhouse Bbq Big /50','piattos-roadhouse-bbq-big-50',NULL,0,0,0,0,25.2450,22.9500,4,'g',100,102,'2016-12-08 22:24:55','2016-12-08 22:24:55'),(232,'64450','Piattos Cheese Big /50','piattos-cheese-big-50',NULL,3,0,0,0,25.2450,22.9500,4,'e',100,102,'2016-12-08 22:24:55','2016-12-08 22:24:58'),(233,'67150','Piattos Sour Cream Big /50','piattos-sour-cream-big-50',NULL,15,0,0,0,25.2450,22.9500,4,'f',100,102,'2016-12-08 22:24:55','2016-12-08 22:24:58'),(234,'wilkins330','Wilkins 330ml /30','wilkins-330ml-30',NULL,0,0,0,0,12.1000,11.0000,4,NULL,100,315,'2016-12-08 22:24:55','2016-12-08 22:24:55'),(235,'wilkins500','Wilkins 500ml /24','wilkins-500ml-24',NULL,0,0,0,0,17.5560,15.9600,4,NULL,100,315,'2016-12-08 22:24:55','2016-12-08 22:24:55'),(236,'jjampong','Lucky Me Supreme Jjamppong Big /24','lucky-me-supreme-jjamppong-big-24',NULL,0,0,0,0,36.3000,33.0000,4,'zn',100,18,'2016-12-08 22:24:55','2016-12-08 22:24:55'),(237,'14891208040140','Oishi Prawn Crackers Small /100','oishi-prawn-crackers-small-100',NULL,250,0,0,0,4.5320,4.1200,4,'zzn',100,142,'2016-12-08 22:24:55','2016-12-08 22:24:58'),(238,'14800194116081','Oishi Ribbed Cracklings Small /100','oishi-ribbed-cracklings-small-100',NULL,50,0,0,0,4.5320,4.1200,4,'zzmaa',100,142,'2016-12-08 22:24:55','2016-12-08 22:24:58'),(239,'14800194104965','Oishi Prawn Crackers Spicy Small /100','oishi-prawn-crackers-spicy-small-100',NULL,0,0,0,0,4.5320,4.1200,4,'zzo',100,142,'2016-12-08 22:24:55','2016-12-08 22:24:55'),(240,'14800194104958','Oishi Prawn Crackers Sweet & Extra Hot Small /100','oishi-prawn-crackers-sweet-extra-hot-small-100',NULL,0,0,0,0,4.5320,4.1200,4,'zzp',100,142,'2016-12-08 22:24:55','2016-12-08 22:24:55'),(241,'4891208040167','Oishi Kirei Yummy Flakes Shrimp Small /100','oishi-kirei-yummy-flakes-shrimp-small-100',NULL,150,0,0,0,4.5320,4.1200,4,'zzsb',100,142,'2016-12-08 22:24:55','2016-12-08 22:24:58'),(242,'14800194104866','Oishi Crispy Patata Baked Potato Small /100','oishi-crispy-patata-baked-potato-small-100',NULL,0,0,0,0,4.5320,4.1200,4,'zzsc',100,142,'2016-12-08 22:24:55','2016-12-08 22:24:55'),(243,'14800194113111','Oishi Corn Ole Small /100','oishi-corn-ole-small-100',NULL,350,0,0,0,4.5320,4.1200,4,'zzzzg',100,142,'2016-12-08 22:24:55','2016-12-08 22:24:58'),(246,'4800194116466','Oishi Pillows Choco Filled Crackers Small /100','oishi-pillows-choco-filled-crackers-small-100',NULL,150,0,0,0,4.5320,4.1200,4,'zzzs',100,142,'2016-12-08 22:24:55','2016-12-08 22:24:58'),(247,'4800194152679','Oishi Sponge Crunch Choco Soaked Small /100','oishi-sponge-crunch-choco-soaked-small-100',NULL,350,0,0,0,6.7980,6.1800,4,'zzzva',100,142,'2016-12-08 22:24:55','2016-12-08 22:24:58'),(248,'4800194101783','Oishi Potato Crisps Cheese Small /100','oishi-potato-crisps-cheese-small-100',NULL,350,0,0,0,4.5320,4.1200,4,'zzzm',100,142,'2016-12-08 22:24:55','2016-12-08 22:24:58'),(249,'4800194153225','Oishi Bread Pan Cheese & Onion Small /100','oishi-bread-pan-cheese-onion-small-100',NULL,200,0,0,0,4.5320,4.1200,4,'zzx',100,142,'2016-12-08 22:24:55','2016-12-08 22:24:58'),(251,'4891208040181','Oishi RinBee Cheese Sticks Small /100','oishi-rinbee-cheese-sticks-small-100',NULL,0,0,0,0,4.5320,4.1200,4,'zzzzk',100,142,'2016-12-08 22:24:55','2016-12-08 22:24:55'),(252,'4800194116169','Oishi Spicy Seafoods Curls Shrimp Small /100','oishi-spicy-seafoods-curls-shrimp-small-100',NULL,150,0,0,0,4.5320,4.1200,4,'zzsa',100,142,'2016-12-08 22:24:55','2016-12-08 22:24:58'),(254,'14800194116647','Oishi Cheese Clubs Small /100','oishi-cheese-clubs-small-100',NULL,150,0,0,0,4.5320,4.1200,4,'zzzzm',100,142,'2016-12-08 22:24:55','2016-12-08 22:24:58'),(255,'4800194117180','Oishi Shoestring Potatoes Small /100','oishi-shoestring-potatoes-small-100',NULL,50,0,0,0,4.5320,4.1200,4,'zzzzi',100,142,'2016-12-08 22:24:55','2016-12-08 22:24:58'),(256,'14800194116234','Oishi Potato Fries Plain Salted Small /100','oishi-potato-fries-plain-salted-small-100',NULL,0,0,0,0,4.5320,4.1200,4,'zzze',100,142,'2016-12-08 22:24:55','2016-12-08 22:24:55'),(257,'14800194104774','Oishi Potato Fries Cheese Small /100','oishi-potato-fries-cheese-small-100',NULL,150,0,0,0,4.5320,4.1200,4,'zzzf',100,142,'2016-12-08 22:24:55','2016-12-08 22:24:58'),(258,'4800194152884','Oishi Martys Cracklin Plain Salted Small /100','oishi-martys-cracklin-plain-salted-small-100',NULL,250,0,0,0,4.5320,4.1200,4,'zzzw',100,142,'2016-12-08 22:24:55','2016-12-08 22:24:58'),(259,'4800194104128','Oishi Cheez on Chips Small /100','oishi-cheez-on-chips-small-100',NULL,200,0,0,0,4.5320,4.1200,4,'zzzzl',100,142,'2016-12-08 22:24:55','2016-12-08 22:24:58'),(260,'14800194117422','Oishi Ridges Potato Chips Cheese Small /50','oishi-ridges-potato-chips-cheese-small-50',NULL,454,0,0,0,9.0640,8.2400,4,'zzu',100,142,'2016-12-08 22:24:54','2016-12-08 22:24:58'),(261,'30704','Dynamite Choco Mint 50s /40','dynamite-choco-mint-50s-40',NULL,0,0,0,0,31.6250,28.7500,4,'o',100,102,'2016-12-08 22:24:54','2016-12-08 22:24:54'),(262,'30750','Dynamite Choco Mint 440s /6','dynamite-choco-mint-440s-6',NULL,0,0,0,0,239.9650,218.1500,4,'r',100,102,'2016-12-08 22:24:54','2016-12-08 22:24:54'),(263,'refreshsmall','Refresh Mineral Water 350ml /24','refresh-mineral-water-350ml-24',NULL,0,0,0,0,5.0600,4.6000,4,'zzt',100,102,'2016-12-08 22:24:54','2016-12-08 22:24:54'),(264,'4800194152327','Oishi Pillows Ube Filled Crackers Small /100','oishi-pillows-ube-filled-crackers-small-100',NULL,240,0,0,0,4.5320,4.1200,4,'zzzt',100,142,'2016-12-08 22:24:54','2016-12-08 22:24:58'),(265,'14800194104989','Oishi Onion Rings Small /100','oishi-onion-rings-small-100',NULL,250,0,0,0,4.5320,4.1200,4,'zzzzh',100,142,'2016-12-08 22:24:54','2016-12-08 22:24:58'),(266,'4800194101585','Oishi Potato Crisps Creamy Garlic Small /100','oishi-potato-crisps-creamy-garlic-small-100',NULL,400,0,0,0,4.5320,4.1200,4,'zzzk',100,142,'2016-12-08 22:24:54','2016-12-08 22:24:58'),(267,'14800194152904','Oishi Martys Cracklin Salt & Vinegar Small /100','oishi-martys-cracklin-salt-vinegar-small-100',NULL,0,0,0,0,4.5320,4.1200,4,'zzzx',100,142,'2016-12-08 22:24:54','2016-12-08 22:24:54'),(268,'14800194152898','Oishi Martys Cracklin Spicy Vinegar Small /100','oishi-martys-cracklin-spicy-vinegar-small-100',NULL,0,0,0,0,4.5320,4.1200,4,'zzzy',100,142,'2016-12-08 22:24:54','2016-12-08 22:24:54'),(269,'14800194104026','Oishi Potato Fries Tomato Ketchup Small /100','oishi-potato-fries-tomato-ketchup-small-100',NULL,100,0,0,0,4.5320,4.1200,4,'zzzg',100,142,'2016-12-08 22:24:54','2016-12-08 22:24:58'),(270,'4800194184106','Smart C+ Pomelo Grapefruit 350ml /24','smart-c-pomelo-grapefruit-350ml-24',NULL,334,0,0,0,15.2130,13.8300,4,'a',100,142,'2016-12-08 22:24:54','2016-12-08 22:24:58'),(271,'4800194184090','Smart C+ Orange Crush 350ml /24','smart-c-orange-crush-350ml-24',NULL,70,0,0,0,15.2130,13.8300,4,'b',100,142,'2016-12-08 22:24:54','2016-12-08 22:24:58'),(272,'10750515031514','Sky Flakes Tsokolate 10s /30','sky-flakes-tsokolate-10s-30',NULL,62,0,0,0,51.4690,46.7900,4,'ze',100,18,'2016-12-08 22:24:54','2016-12-08 22:24:58'),(275,'xo50coffee','X.O. Coffee 50s /40','x-o-coffee-50s-40',NULL,0,0,0,0,31.6250,28.7500,4,'u',100,102,'2016-12-08 22:24:54','2016-12-08 22:24:54'),(276,'48902','Lush Chews 50s /40','lush-chews-50s-40',NULL,0,0,0,0,26.9500,24.5000,4,'zc',100,102,'2016-12-08 22:24:54','2016-12-08 22:24:54'),(278,'47601','X.O. Butter Caramel 50s /40','x-o-butter-caramel-50s-40',NULL,0,0,0,0,31.6250,28.7500,4,'v',100,102,'2016-12-08 22:24:54','2016-12-08 22:24:54'),(279,'47609','X.O. Choco Shake 50s /40','x-o-choco-shake-50s-40',NULL,0,0,0,0,31.6250,28.7500,4,'w',100,102,'2016-12-08 22:24:54','2016-12-08 22:24:54'),(280,'47706','X.O. White Coffee 50s /40','x-o-white-coffee-50s-40',NULL,0,0,0,0,31.6250,28.7500,4,'x',100,102,'2016-12-08 22:24:54','2016-12-08 22:24:54'),(281,'47707','X.O. White Coffee 440s /6','x-o-white-coffee-440s-6',NULL,0,0,0,0,239.9650,218.1500,4,'zb',100,102,'2016-12-08 22:24:54','2016-12-08 22:24:54'),(282,'55982','Nissin Ramen Chicken Pouch /72','nissin-ramen-chicken-pouch-72',NULL,0,0,0,0,9.0860,8.2600,4,'j',100,102,'2016-12-08 22:24:54','2016-12-08 22:24:54'),(283,'55983','Nissin Ramen Beef Pouch /72','nissin-ramen-beef-pouch-72',NULL,0,0,0,0,9.0860,8.2600,4,'h',100,102,'2016-12-08 22:24:54','2016-12-08 22:24:54'),(284,'55332','Payless Chicken 55g /72','payless-chicken-55g-72',NULL,0,0,0,0,6.7320,6.1200,4,'b',100,102,'2016-12-08 22:24:54','2016-12-08 22:24:54'),(285,'6774','Big Sip Orange 290ml 10s /1','big-sip-orange-290ml-10s-1',NULL,0,0,0,0,58.9600,53.6000,4,NULL,100,102,'2016-12-08 22:24:54','2016-12-08 22:24:54'),(286,'6775','Big Sip Apple 290ml 10s /1','big-sip-apple-290ml-10s-1',NULL,0,0,0,0,58.9600,53.6000,4,NULL,100,102,'2016-12-08 22:24:54','2016-12-08 22:24:54'),(287,'6776','Big Sip Mango 290ml 10s /1','big-sip-mango-290ml-10s-1',NULL,0,0,0,0,58.9600,53.6000,4,NULL,100,102,'2016-12-08 22:24:54','2016-12-08 22:24:54'),(289,'55984','Nissin Ramen Seafood Pouch /72','nissin-ramen-seafood-pouch-72',NULL,13,0,0,0,10.6810,9.7100,4,'g',100,102,'2016-12-08 22:24:54','2016-12-08 22:24:58'),(290,'30811','Dynamite Choco Berry Mint 50s /40','dynamite-choco-berry-mint-50s-40',NULL,0,0,0,0,31.6250,28.7500,4,NULL,100,102,'2016-12-08 22:24:54','2016-12-08 22:24:54'),(291,'30308','Maxx Dalandan Orange 50s /40','maxx-dalandan-orange-50s-40',NULL,0,0,0,0,31.6250,28.7500,4,'e',100,102,'2016-12-08 22:24:54','2016-12-08 22:24:54'),(292,'55184','Nissin Cup Noodles Spicy Seafoods Big /36','nissin-cup-noodles-spicy-seafoods-big-36',NULL,0,0,0,0,25.0140,22.7400,4,NULL,100,102,'2016-12-08 22:24:54','2016-12-08 22:24:54'),(293,'55202','Nissin Cup Noodles Beef Big /36','nissin-cup-noodles-beef-big-36',NULL,0,0,0,0,25.0140,22.7400,4,NULL,100,102,'2016-12-08 22:24:54','2016-12-08 22:24:54'),(294,'55203','Nissin Cup Noodles Seafood Big /36','nissin-cup-noodles-seafood-big-36',NULL,0,0,0,0,25.0140,22.7400,4,NULL,100,102,'2016-12-08 22:24:54','2016-12-08 22:24:54'),(295,'55204','Nissin Cup Noodles Chicken Big /36','nissin-cup-noodles-chicken-big-36',NULL,0,0,0,0,25.0140,22.7400,4,NULL,100,102,'2016-12-08 22:24:54','2016-12-08 22:24:54'),(296,'55207','Nissin Cup Noodles Batchoy Big /36','nissin-cup-noodles-batchoy-big-36',NULL,0,0,0,0,25.0140,22.7400,4,NULL,100,102,'2016-12-08 22:24:54','2016-12-08 22:24:54'),(297,'55225','Nissin Cup Noodles Bulalo Big /36','nissin-cup-noodles-bulalo-big-36',NULL,0,0,0,0,25.0140,22.7400,4,NULL,100,102,'2016-12-08 22:24:54','2016-12-08 22:24:54'),(298,'55333','Payless Beef 55g /72','payless-beef-55g-72',NULL,0,0,0,0,6.7320,6.1200,4,'a',100,102,'2016-12-08 22:24:54','2016-12-08 22:24:54'),(299,'96125','Cloud9 Classic Mini 36s /12','cloud9-classic-mini-36s-12',NULL,0,0,0,0,67.0450,60.9500,4,'zk',100,102,'2016-12-08 22:24:54','2016-12-08 22:24:54'),(300,'heartsmart2oz','Del Monte Pineapple Juice Heart Smart 5+1 Promo 6s /4','del-monte-pineapple-juice-heart-smart-5-1-promo-6s-4',NULL,0,0,0,0,140.1400,127.4000,4,'zzk',100,17,'2016-12-08 22:24:54','2016-12-08 22:24:54'),(301,'breadpanbutteredtoasts','Oishi Bread Pan Buttered Toast Small /100','oishi-bread-pan-buttered-toast-small-100',NULL,400,0,0,0,4.5320,4.1200,4,'zzz',100,142,'2016-12-08 22:24:54','2016-12-08 22:24:58'),(302,'breadpantoastedgarlic','Oishi Bread Pan Toasted Garlic Small /100','oishi-bread-pan-toasted-garlic-small-100',NULL,100,0,0,0,4.5320,4.1200,4,'zzy',100,142,'2016-12-08 22:24:54','2016-12-08 22:24:58'),(303,'oishipotatocrispbeefandchilli','Oishi Potato Crisps Beef & Chili Small /100','oishi-potato-crisps-beef-chili-small-100',NULL,200,0,0,0,4.5320,4.1200,4,'zzzl',100,142,'2016-12-08 22:24:54','2016-12-08 22:24:58'),(304,'oishipctomatoketchup','Oishi Potato Crisps Tomato Ketchup Small /100','oishi-potato-crisps-tomato-ketchup-small-100',NULL,500,0,0,0,4.5320,4.1200,4,'zzzn',100,142,'2016-12-08 22:24:54','2016-12-08 22:24:58'),(305,'tubecutscheese','Tube Cuts Cheese Small /100','tube-cuts-cheese-small-100',NULL,100,0,0,0,4.5320,4.1200,4,'zzzze',100,142,'2016-12-08 22:24:54','2016-12-08 22:24:58'),(306,'tubecutsbbq','Tube Cuts Bbq Small /100','tube-cuts-bbq-small-100',NULL,100,0,0,0,4.5320,4.1200,4,'zzzzf',100,142,'2016-12-08 22:24:54','2016-12-08 22:24:58'),(307,'creamochocowaferbar','Cream-O Choco Wafer Bar 10s /24','cream-o-choco-wafer-bar-10s-24',NULL,0,0,0,0,60.5880,55.0800,4,'h',100,102,'2016-12-08 22:24:54','2016-12-08 22:24:54'),(308,'creamochocoloaded','Cream-O Chocoloaded 12s /20','cream-o-chocoloaded-12s-20',NULL,0,0,0,0,75.3940,68.5400,4,NULL,100,102,'2016-12-08 22:24:54','2016-12-08 22:24:54'),(309,'quakeoverloadstrawberry','Quake Overload Strawberry 10s /10','quake-overload-strawberry-10s-10',NULL,0,0,0,0,57.8710,52.6100,4,NULL,100,102,'2016-12-08 22:24:54','2016-12-08 22:24:54'),(310,'quakeoverloadblackforest','Quake Overload Black Forest 10s /10','quake-overload-black-forest-10s-10',NULL,0,0,0,0,57.8710,52.6100,4,NULL,100,102,'2016-12-08 22:24:54','2016-12-08 22:24:54'),(311,'choogamango','Chooga Mango 10s /1','chooga-mango-10s-1',NULL,0,0,0,0,68.2000,62.0000,4,NULL,100,189,'2016-12-08 22:24:54','2016-12-08 22:24:54'),(312,'choogaapple','Chooga Apple 10s /1','chooga-apple-10s-1',NULL,0,0,0,0,68.2000,62.0000,4,NULL,100,189,'2016-12-08 22:24:54','2016-12-08 22:24:54'),(313,'Choogapomelo','Chooga Pomelo 10s /1','chooga-pomelo-10s-1',NULL,0,0,0,0,68.2000,62.0000,4,NULL,100,189,'2016-12-08 22:24:54','2016-12-08 22:24:54'),(314,'choogaorange','Chooga Orange 10s /1','chooga-orange-10s-1',NULL,0,0,0,0,68.2000,62.0000,4,NULL,100,189,'2016-12-08 22:24:54','2016-12-08 22:24:54'),(315,'Choogasweettamarind','Chooga Sweet Tamarind 10s /1','chooga-sweet-tamarind-10s-1',NULL,0,0,0,0,68.2000,62.0000,4,NULL,100,189,'2016-12-08 22:24:54','2016-12-08 22:24:54'),(316,'1007','Hunts Pork & Beans 165g /48','hunts-pork-beans-165g-48',NULL,0,0,0,0,20.5810,18.7100,4,'a',100,102,'2016-12-08 22:24:54','2016-12-08 22:24:54'),(317,'1011','Hunts Pork & Beans 230g /48','hunts-pork-beans-230g-48',NULL,0,0,0,0,26.8620,24.4200,4,NULL,100,102,'2016-12-08 22:24:54','2016-12-08 22:24:54'),(318,'1012','Hunts Pork & Beans 390g /48','hunts-pork-beans-390g-48',NULL,0,0,0,0,44.1760,40.1600,4,'c',100,102,'2016-12-08 22:24:54','2016-12-08 22:24:54'),(319,'luckymespicybeef','Lucky Me Spicy Beef / 72','lucky-me-spicy-beef-72',NULL,98,0,0,0,8.0300,7.3000,4,'e',100,18,'2016-12-08 22:24:54','2016-12-08 22:24:58'),(324,'bearbrandwithironzincvitc','Bear Brand Powdered Milk Drink 8s /128','bear-brand-powdered-milk-drink-8s-128',NULL,0,0,0,0,12.6060,11.4600,4,'d',100,209,'2016-12-08 22:24:54','2016-12-08 22:24:54'),(325,'nescafe3in1orig','Nescafe 3in1 Original 36s /12','nescafe-3in1-original-36s-12',NULL,0,0,0,0,212.6410,193.3100,4,'o',100,209,'2016-12-08 22:24:54','2016-12-08 22:24:54'),(326,'nescafe3in1creamylate','Nescafe 3in1 Creamylatte 30s /8','nescafe-3in1-creamylatte-30s-8',NULL,8,0,0,0,196.9330,179.0300,4,'r',100,209,'2016-12-08 22:24:54','2016-12-08 22:24:58'),(327,'nescafe3in1chocolat','Nescafe 3in1 Chocolatte 30s /8','nescafe-3in1-chocolatte-30s-8',NULL,0,0,0,0,197.3400,179.4000,4,'q',100,209,'2016-12-08 22:24:54','2016-12-08 22:24:54'),(328,'chuckiecalccn','Chuckie Chocolate Drink 110ml /60','chuckie-chocolate-drink-110ml-60',NULL,153,0,0,0,13.4860,12.2600,4,'zi',100,209,'2016-12-08 22:24:54','2016-12-08 22:24:58'),(329,'maggimagicsarap','Maggi Magic Sarap 12s /60','maggi-magic-sarap-12s-60',NULL,56,0,0,0,35.3980,32.1800,4,'t',100,209,'2016-12-08 22:24:54','2016-12-08 22:24:58'),(330,'nestealemon','Nestea Lemon Litro Pack/144','nestea-lemon-litro-pack-144',NULL,0,0,0,0,9.9000,9.0000,4,'zzv',100,209,'2016-12-08 22:24:54','2016-12-08 22:24:54'),(331,'bearbrandsterilized155ml','Bear Brand Sterilized 155ml /96','bear-brand-sterilized-155ml-96',NULL,0,0,0,0,22.6600,20.6000,4,'e',100,209,'2016-12-08 22:24:54','2016-12-08 22:24:54'),(332,'bearbrandsterilized200ml','Bear Brand Sterilized 200ml /32','bear-brand-sterilized-200ml-32',NULL,295,0,0,0,25.3660,23.0600,4,'f',100,209,'2016-12-08 22:24:54','2016-12-08 22:24:58'),(333,'coffeemateflowpack','Coffee-Mate Flow Pack 80g /72','coffee-mate-flow-pack-80g-72',NULL,61,0,0,0,19.8000,18.0000,4,'g',100,209,'2016-12-08 22:24:54','2016-12-08 22:24:58'),(334,'chuckiecalcin','Chuckie Chocolate Drink 250ml /24','chuckie-chocolate-drink-250ml-24',NULL,23,0,0,0,26.4440,24.0400,4,'zj',100,209,'2016-12-08 22:24:54','2016-12-08 22:24:58'),(335,'choogalychee','Chooga Lychee 10s /1','chooga-lychee-10s-1',NULL,0,0,0,0,68.2000,62.0000,4,NULL,100,189,'2016-12-08 22:24:54','2016-12-08 22:24:54'),(336,'choogapineapple','Chooga Pineapple 10s /1','chooga-pineapple-10s-1',NULL,0,0,0,0,68.2000,62.0000,4,NULL,100,189,'2016-12-08 22:24:54','2016-12-08 22:24:54'),(337,'refreshmineralwater','Refresh Mineral Water 500ml /24','refresh-mineral-water-500ml-24',NULL,0,0,0,0,6.4350,5.8500,4,'zzu',100,102,'2016-12-08 22:24:54','2016-12-08 22:24:54'),(338,'Choconotblast','Jack & Jill Choco Knots Blast /100','jack-jill-choco-knots-blast-100',NULL,0,0,0,0,5.7310,5.2100,4,NULL,100,102,'2016-12-08 22:24:54','2016-12-08 22:24:54'),(339,'breadpanwhitecheddarcheese','Oishi Bread Pan White Cheddar Cheese Small /100','oishi-bread-pan-white-cheddar-cheese-small-100',NULL,300,0,0,0,4.5320,4.1200,4,'zzza',100,142,'2016-12-08 22:24:54','2016-12-08 22:24:58'),(340,'choogagrapes','Chooga Grapes 10s /1','chooga-grapes-10s-1',NULL,0,0,0,0,68.2000,62.0000,4,NULL,100,189,'2016-12-08 22:24:54','2016-12-08 22:24:54'),(342,'wafretsbrixchocovanila','Wafrets Brix Choco Vanilla 10s /24','wafrets-brix-choco-vanilla-10s-24',NULL,0,0,0,0,46.4530,42.2300,4,NULL,100,102,'2016-12-08 22:24:54','2016-12-08 22:24:54'),(343,'luckymesupremeseafoods','Lucky Me Supreme Seafood Small /45','lucky-me-supreme-seafood-small-45',NULL,49,0,0,0,17.3250,15.7500,4,'zi',100,18,'2016-12-08 22:24:54','2016-12-08 22:24:58'),(344,'luckymesupremebulalo','Lucky Me Supreme Bulalo Small /45','lucky-me-supreme-bulalo-small-45',NULL,31,0,0,0,17.3250,15.7500,4,'zh',100,18,'2016-12-08 22:24:54','2016-12-08 22:24:58'),(346,'luckymesupremelapazbatchoy','Lucky Me Supreme La Paz Batchoy Small /45','lucky-me-supreme-la-paz-batchoy-small-45',NULL,43,0,0,0,17.3250,15.7500,4,'zg',100,18,'2016-12-08 22:24:54','2016-12-08 22:24:58'),(347,'luckymesupremeseafoodsbig','Lucky Me Supreme Seafood Big /24','lucky-me-supreme-seafood-big-24',NULL,25,0,0,0,28.3250,25.7500,4,'zm',100,18,'2016-12-08 22:24:54','2016-12-08 22:24:58'),(348,'luckymesupremelapazbatchoybig','Lucky Me Supreme La Paz Batchoy Big /24','lucky-me-supreme-la-paz-batchoy-big-24',NULL,44,0,0,0,28.3250,25.7500,4,'zk',100,18,'2016-12-08 22:24:54','2016-12-08 22:24:58'),(349,'luckymesupremebulalobig','Lucky Me Supreme Bulalo Big /24','lucky-me-supreme-bulalo-big-24',NULL,24,0,0,0,28.3250,25.7500,4,'zl',100,18,'2016-12-08 22:24:54','2016-12-08 22:24:58'),(350,'65212','Tostillas Nacho Cheese Small /80','tostillas-nacho-cheese-small-80',NULL,0,0,0,0,11.1650,10.1500,4,NULL,100,102,'2016-12-08 22:24:54','2016-12-08 22:24:54'),(351,'65213','Tostillas Nacho Cheese Big /50','tostillas-nacho-cheese-big-50',NULL,0,0,0,0,24.5080,22.2800,4,NULL,100,102,'2016-12-08 22:24:54','2016-12-08 22:24:54'),(352,'10509','Chiz Curls Cheese Flavored Big /50','chiz-curls-cheese-flavored-big-50',NULL,0,0,0,0,15.8070,14.3700,4,'zzk',100,102,'2016-12-08 22:24:54','2016-12-08 22:24:54'),(353,'8388','Fun O Roundwich Mocha 10s /24','fun-o-roundwich-mocha-10s-24',NULL,0,0,0,0,47.1240,42.8400,4,NULL,100,102,'2016-12-08 22:24:54','2016-12-08 22:24:54'),(354,'8398','Fun O Chunks Chocolate 10s /24','fun-o-chunks-chocolate-10s-24',NULL,0,0,0,0,52.1730,47.4300,4,NULL,100,102,'2016-12-08 22:24:54','2016-12-08 22:24:54'),(355,'8415','Fun O Chunks Coconut 10s /24','fun-o-chunks-coconut-10s-24',NULL,0,0,0,0,52.1730,47.4300,4,NULL,100,102,'2016-12-08 22:24:54','2016-12-08 22:24:54'),(356,'55160','Nissin Yakisoba Chicken Pouch /72','nissin-yakisoba-chicken-pouch-72',NULL,0,0,0,0,9.0860,8.2600,4,NULL,100,102,'2016-12-08 22:24:54','2016-12-08 22:24:54'),(357,'55161','Nissin Yakisoba Beef Pouch /72','nissin-yakisoba-beef-pouch-72',NULL,0,0,0,0,9.0860,8.2600,4,NULL,100,102,'2016-12-08 22:24:54','2016-12-08 22:24:54'),(358,'56091','Nissin Ramen Spicy Seafood Pouch /72','nissin-ramen-spicy-seafood-pouch-72',NULL,0,0,0,0,10.6810,9.7100,4,'f',100,102,'2016-12-08 22:24:54','2016-12-08 22:24:54'),(359,'96393','BigBang Banana Split 12s /12','bigbang-banana-split-12s-12',NULL,0,0,0,0,74.0520,67.3200,4,NULL,100,102,'2016-12-08 22:24:54','2016-12-08 22:24:54'),(360,'96395','BigBang Blueberry & Cheese 12s /12','bigbang-blueberry-cheese-12s-12',NULL,0,0,0,0,74.0520,67.3200,4,NULL,100,102,'2016-12-08 22:24:54','2016-12-08 22:24:54'),(361,'96398','Cloud9 Overload 50g 12s /144','cloud9-overload-50g-12s-144',NULL,72,0,0,0,9.5370,8.6700,4,'zl',100,102,'2016-12-08 22:24:54','2016-12-08 22:24:58'),(362,'96399','Cloud9 Salted Caramel 50g 12s /12','cloud9-salted-caramel-50g-12s-12',NULL,0,0,0,0,114.4440,104.0400,4,NULL,100,102,'2016-12-08 22:24:54','2016-12-08 22:24:54'),(363,'96400','Chooey Choco 20s /20','chooey-choco-20s-20',NULL,0,0,0,0,19.0740,17.3400,4,'zg',100,102,'2016-12-08 22:24:54','2016-12-08 22:24:54'),(364,'96385','Jack & Jill Wave 12s /12','jack-jill-wave-12s-12',NULL,0,0,0,0,85.6350,77.8500,4,NULL,100,102,'2016-12-08 22:24:54','2016-12-08 22:24:54'),(365,'11398','Dewberry Peaches & Mango Cream 10s /20','dewberry-peaches-mango-cream-10s-20',NULL,0,0,0,0,62.8320,57.1200,4,NULL,100,102,'2016-12-08 22:24:54','2016-12-08 22:24:54'),(366,'62947','Jack & Jill Pretzel Honey Mustard /50','jack-jill-pretzel-honey-mustard-50',NULL,0,0,0,0,15.5760,14.1600,4,NULL,100,102,'2016-12-08 22:24:54','2016-12-08 22:24:54'),(367,'56092','Nissin Cup Noodles Spicy Hot Beef Small /48','nissin-cup-noodles-spicy-hot-beef-small-48',NULL,26,0,0,0,16.5660,15.0600,4,'v',100,102,'2016-12-08 22:24:54','2016-12-08 22:24:58'),(368,'13857','Tortillos Chili Big /50','tortillos-chili-big-50',NULL,0,0,0,0,19.7230,17.9300,4,NULL,100,102,'2016-12-08 22:24:54','2016-12-08 22:24:54'),(369,'55229','Nissin Cup Yakisoba Beef & Vegetables Small /48','nissin-cup-yakisoba-beef-vegetables-small-48',NULL,0,0,0,0,16.5660,15.0600,4,NULL,100,102,'2016-12-08 22:24:54','2016-12-08 22:24:54'),(370,'55230','Nissin Cup Yakisoba Spicy Chicken Small /48','nissin-cup-yakisoba-spicy-chicken-small-48',NULL,0,0,0,0,16.5660,15.0600,4,NULL,100,102,'2016-12-08 22:24:54','2016-12-08 22:24:54'),(371,'62826','Jack & Jill Pretzel Chocolate Big /100','jack-jill-pretzel-chocolate-big-100',NULL,0,0,0,0,10.3840,9.4400,4,NULL,100,102,'2016-12-08 22:24:54','2016-12-08 22:24:54'),(372,'49651','Star Fruits 50s /40','star-fruits-50s-40',NULL,0,0,0,0,25.8940,23.5400,4,NULL,100,102,'2016-12-08 22:24:54','2016-12-08 22:24:54'),(373,'11309','Jack & Jill Animal Bites /100','jack-jill-animal-bites-100',NULL,0,0,0,0,5.7310,5.2100,4,NULL,100,102,'2016-12-08 22:24:54','2016-12-08 22:24:54'),(374,'55999','Payless Chicken Mami 10+1 Tindahan Promo 11s /6','payless-chicken-mami-10-1-tindahan-promo-11s-6',NULL,0,0,0,0,67.3200,61.2000,4,'bb',100,102,'2016-12-08 22:24:54','2016-12-08 22:24:54'),(375,'5631','C2 Lemon 1.5L /12','c2-lemon-1-5l-12',NULL,0,0,0,0,40.9530,37.2300,4,NULL,100,102,'2016-12-08 22:24:54','2016-12-08 22:24:54'),(376,'4600194184106','Smart C+ Lemon Squeeze 350ml /24','smart-c-lemon-squeeze-350ml-24',NULL,264,0,0,0,15.2130,13.8300,4,'c',100,142,'2016-12-08 22:24:54','2016-12-08 22:24:58'),(377,'mangtomas','Mang Tomas Budget Pack /48','mang-tomas-budget-pack-48',NULL,72,0,0,0,10.7140,9.7400,4,'q',100,16,'2016-12-08 22:24:54','2016-12-08 22:24:58'),(378,'mangtomasbottle','Mang Tomas 350ml /24','mang-tomas-350ml-24',NULL,48,0,0,0,30.0190,27.2900,4,'s',100,16,'2016-12-08 22:24:54','2016-12-08 22:24:58'),(379,'mogumogucoconut','Mogu Mogu Coconut 320ml /24','mogu-mogu-coconut-320ml-24',NULL,0,0,0,0,28.8750,26.2500,4,'zh',100,21,'2016-12-08 22:24:54','2016-12-08 22:24:54'),(380,'mogumogulychee','Mogu Mogu Lychee 320ml /24','mogu-mogu-lychee-320ml-24',NULL,179,0,0,0,28.8750,26.2500,4,'zg',100,21,'2016-12-08 22:24:54','2016-12-08 22:24:58'),(381,'breadpancheeseandonion','Oishi Bread Pan Cheese & Onion Big /60','oishi-bread-pan-cheese-onion-big-60',NULL,0,0,0,0,7.7110,7.0100,4,'zzzb',100,142,'2016-12-08 22:24:54','2016-12-08 22:24:54'),(382,'potatofriesketchup','Oishi Potato Fries Tomato Ketchup Big /50','oishi-potato-fries-tomato-ketchup-big-50',NULL,71,0,0,0,10.1970,9.2700,4,'zzzj',100,142,'2016-12-08 22:24:54','2016-12-08 22:24:58'),(383,'potatofriesplainsalted','Oishi Potato Fries Plain Salted Big /50','oishi-potato-fries-plain-salted-big-50',NULL,188,0,0,0,10.1970,9.2700,4,'zzzh',100,142,'2016-12-08 22:24:54','2016-12-08 22:24:58'),(384,'potatofriescheese','Oishi Potato Fries Cheese Big /50','oishi-potato-fries-cheese-big-50',NULL,153,0,0,0,10.1970,9.2700,4,'zzzi',100,142,'2016-12-08 22:24:54','2016-12-08 22:24:58'),(385,'potatocrispsbacon','Oishi Potato Crisps Bacon & Cheese Big /50','oishi-potato-crisps-bacon-cheese-big-50',NULL,176,0,0,0,11.1100,10.1000,4,'zzzp',100,142,'2016-12-08 22:24:54','2016-12-08 22:24:58'),(386,'potatocrispscheese','Oishi Potato Crisps Cheese Big /50','oishi-potato-crisps-cheese-big-50',NULL,91,0,0,0,11.1100,10.1000,4,'zzzq',100,142,'2016-12-08 22:24:54','2016-12-08 22:24:58'),(387,'potatocrispstomato','Oishi Potato Crisps Tomato Ketchup Big /50','oishi-potato-crisps-tomato-ketchup-big-50',NULL,221,0,0,0,11.1100,10.1000,4,'zzzr',100,142,'2016-12-08 22:24:54','2016-12-08 22:24:58'),(388,'caramelpopcorn','Oishi Caramel Popcorn Big /50','oishi-caramel-popcorn-big-50',NULL,3,0,0,0,11.3410,10.3100,4,'zzzzc',100,142,'2016-12-08 22:24:54','2016-12-08 22:24:58'),(389,'chocolatepopcorn','Oishi Chocolate Popcorn Big /50','oishi-chocolate-popcorn-big-50',NULL,64,0,0,0,11.3410,10.3100,4,'zzzzd',100,142,'2016-12-08 22:24:54','2016-12-08 22:24:58'),(390,'ridgespotatochipscheese','Oishi Ridges Potato Chips Cheese Big /30','oishi-ridges-potato-chips-cheese-big-30',NULL,107,0,0,0,23.1220,21.0200,4,'',100,142,'2016-12-08 22:24:54','2016-12-08 22:24:58'),(391,'ridgespotatochipsonion','Oishi Ridges Potato Chips Onion & Garlic Big /30','oishi-ridges-potato-chips-onion-garlic-big-30',NULL,202,0,0,0,23.1220,21.0200,4,'',100,142,'2016-12-08 22:24:54','2016-12-08 22:24:58'),(392,'smartcpomelobig','Smart C+ Orange Crush 500ml /24','smart-c-orange-crush-500ml-24',NULL,8,0,0,0,19.0630,17.3300,4,'f',100,142,'2016-12-08 22:24:54','2016-12-08 22:24:58'),(393,'smartcgrapefruitpomelo','Smart C+ Pomelo Grapefruit 500ml /24','smart-c-pomelo-grapefruit-500ml-24',NULL,3,0,0,0,19.0630,17.3300,4,'e',100,142,'2016-12-08 22:24:54','2016-12-08 22:24:58'),(394,'martyscracklinplainsalted','Oishi Martys Cracklin Plain Salted Big /30','oishi-martys-cracklin-plain-salted-big-30',NULL,58,0,0,0,15.3230,13.9300,4,'zzzz',100,142,'2016-12-08 22:24:54','2016-12-08 22:24:58'),(395,'martyscracklinspicy','Oishi Martys Cracklin Spicy Vinegar Big /30','oishi-martys-cracklin-spicy-vinegar-big-30',NULL,9,0,0,0,15.3230,13.9300,4,'zzzzb',100,142,'2016-12-08 22:24:54','2016-12-08 22:24:58'),(396,'ridgespotatochips','Oishi Ridges Potato Chips Onion & Garlic Small /50','oishi-ridges-potato-chips-onion-garlic-small-50',NULL,490,0,0,0,9.0640,8.2400,4,'zzt',100,142,'2016-12-08 22:24:54','2016-12-08 22:24:58'),(397,'oheyamultigrain','Oishi Oheya Multi Grain Cheese Small /100','oishi-oheya-multi-grain-cheese-small-100',NULL,250,0,0,0,4.5320,4.1200,4,'zzzzj',100,142,'2016-12-08 22:24:54','2016-12-08 22:24:58'),(398,'pillowschoco','Oishi Pillows Choco Filled Crackers Big 38g/100','oishi-pillows-choco-filled-crackers-big-38g-100',NULL,500,0,0,0,6.8090,6.1900,4,'zzzu',100,142,'2016-12-08 22:24:54','2016-12-08 22:24:58'),(400,'oishibreadpanwhitecheddar','Oishi Bread Pan White Cheddar Cheese Big /60','oishi-bread-pan-white-cheddar-cheese-big-60',NULL,142,0,0,0,7.7110,7.0100,4,'zzzd',100,142,'2016-12-08 22:24:54','2016-12-08 22:24:58'),(401,'Potatochipsbbq','Potato Chips Bbq Big /50','potato-chips-bbq-big-50',NULL,0,0,0,0,24.5080,22.2800,4,NULL,100,102,'2016-12-08 22:24:54','2016-12-08 22:24:54'),(402,'Potatochipssmall','Potato Chips Bbq Small /80','potato-chips-bbq-small-80',NULL,0,0,0,0,11.1650,10.1500,4,NULL,100,102,'2016-12-08 22:24:54','2016-12-08 22:24:54'),(403,'Greatastechoco','Great Taste Choco 3in1/240','great-taste-choco-3in1-240',NULL,230,0,0,0,6.2810,5.7100,4,'c',100,102,'2016-12-08 22:24:54','2016-12-08 22:24:58'),(404,'Greatastecaramel','Great Taste Caramel 3in1 10s /24','great-taste-caramel-3in1-10s-24',NULL,0,0,0,0,62.8320,57.1200,4,NULL,100,102,'2016-12-08 22:24:54','2016-12-08 22:24:54'),(405,'gatoradeorange','Gatorade Orange 350ml /24','gatorade-orange-350ml-24',NULL,0,0,0,0,20.8450,18.9500,4,NULL,100,335,'2016-12-08 22:24:54','2016-12-08 22:24:54'),(406,'cloverbbq','Clover Bbq Big 95g /35','clover-bbq-big-95g-35',NULL,0,0,0,0,24.5960,22.3600,4,NULL,100,311,'2016-12-08 22:24:54','2016-12-08 22:24:54'),(407,'clovercheese','Clover Cheese Big 95g /35','clover-cheese-big-95g-35',NULL,129,0,0,0,24.5960,22.3600,4,'t',100,311,'2016-12-08 22:24:54','2016-12-08 22:24:58'),(408,'cheezycornsmall','Cheezy Corn Crunch Small 24g /100','cheezy-corn-crunch-small-24g-100',NULL,446,0,0,0,5.7090,5.1900,4,'v',100,311,'2016-12-08 22:24:54','2016-12-08 22:24:59'),(409,'cheezycornbig','Cheezy Corn Crunch Big 70g /40','cheezy-corn-crunch-big-70g-40',NULL,102,0,0,0,18.0620,16.4200,4,'x',100,311,'2016-12-08 22:24:54','2016-12-08 22:24:59'),(410,'Cheezyredhotspicybig','Cheezy Red Hot Spicy Big 70g /40','cheezy-red-hot-spicy-big-70g-40',NULL,213,0,0,0,18.0620,16.4200,4,'y',100,311,'2016-12-08 22:24:54','2016-12-08 22:24:59'),(411,'COKEMISMO','Coke Mismo /12','coke-mismo-12',NULL,0,0,0,0,10.3950,9.4500,4,NULL,100,315,'2016-12-08 22:24:54','2016-12-08 22:24:54'),(412,'SPRITEMISMO','Sprite Mismo /12','sprite-mismo-12',NULL,0,0,0,0,10.3950,9.4500,4,NULL,100,315,'2016-12-08 22:24:54','2016-12-08 22:24:54'),(413,'Pamaskopack','Del Monte Pamasko Pack Italian /6','del-monte-pamasko-pack-italian-6',NULL,6,0,0,0,149.8420,136.2200,4,NULL,100,17,'2016-12-08 22:24:54','2016-12-08 22:24:59'),(414,'pamaskopacksweet','Del Monte Pamasko Pack Sweet /6','del-monte-pamasko-pack-sweet-6',NULL,6,0,0,0,148.2049,134.7317,4,NULL,100,17,'2016-12-08 22:24:54','2016-12-08 22:24:59'),(415,'pamaskopackfilipino','Del Monte Pamasko Pack Filipino /6','del-monte-pamasko-pack-filipino-6',NULL,6,0,0,0,140.1400,127.4000,4,NULL,100,17,'2016-12-08 22:24:54','2016-12-08 22:24:59'),(416,'delmonte','Del Monte Pineapple Juice Heart Smart 240ml /24','del-monte-pineapple-juice-heart-smart-240ml-24',NULL,0,0,0,0,28.0280,25.4800,4,'zzi',100,17,'2016-12-08 22:24:54','2016-12-08 22:24:54'),(417,'delmontejoe','Del Monte Pineapple Juice Fiber 5+1 Promo 6s /4','del-monte-pineapple-juice-fiber-5-1-promo-6s-4',NULL,0,0,0,0,132.0550,120.0500,4,NULL,100,17,'2016-12-08 22:24:54','2016-12-08 22:24:54'),(418,'Delmontesweeten','Del Monte Pineapple Juice Sweetened 5+1 Promo 6s /4','del-monte-pineapple-juice-sweetened-5-1-promo-6s-4',NULL,0,0,0,0,121.2747,110.2497,4,NULL,100,17,'2016-12-08 22:24:54','2016-12-08 22:24:54'),(419,'Clovercheesesmall','Clover Cheese Small 27g /100','clover-cheese-small-27g-100',NULL,857,0,0,0,5.8850,5.3500,4,'s',100,311,'2016-12-08 22:24:54','2016-12-08 22:24:59'),(420,'cheezyredhotspicysmall','Cheezy Red Hot Spicy Small 22g /100','cheezy-red-hot-spicy-small-22g-100',NULL,3,0,0,0,5.7090,5.1900,4,'w',100,311,'2016-12-08 22:24:54','2016-12-08 22:24:59'),(421,'piattosroastbig','Piattos Roast Beef Big /50','piattos-roast-beef-big-50',NULL,0,0,0,0,25.2450,22.9500,4,NULL,100,102,'2016-12-08 22:24:54','2016-12-08 22:24:54'),(1421,'Nescaffe','Nescafe 3in1 Brown & Creamy 30s /8','nescafe-3in1-brown-creamy-30s-8',NULL,0,0,0,0,196.9330,179.0300,4,'p',100,209,'2016-12-08 22:24:54','2016-12-08 22:24:54'),(1422,'breadpantoastedhig','Oishi Bread Pan Toasted Garlic Big /60','oishi-bread-pan-toasted-garlic-big-60',NULL,64,0,0,0,7.7110,7.0100,4,'zzzc',100,142,'2016-12-08 22:24:54','2016-12-08 22:24:59'),(1423,'SMARTCLEMON','Smart C+ Lemon Squeeze 500ml /24','smart-c-lemon-squeeze-500ml-24',NULL,4,0,0,0,19.0630,17.3300,4,'g',100,142,'2016-12-08 22:24:54','2016-12-08 22:24:59'),(1424,'potatocrispscreamybig','Oishi Potato Crisps Creamy Garlic Big /50','oishi-potato-crisps-creamy-garlic-big-50',NULL,220,0,0,0,11.1100,10.1000,4,'zzzo',100,142,'2016-12-08 22:24:54','2016-12-08 22:24:59'),(1425,'MartysCracklingssaltedvinegarbig','Oishi Martys Cracklin Salt & Vinegar Big /30','oishi-martys-cracklin-salt-vinegar-big-30',NULL,136,0,0,0,15.3230,13.9300,4,'zzzza',100,142,'2016-12-08 22:24:54','2016-12-08 22:24:59'),(1426,'smartccalamansi','Smart C+ Calamansi Splash 350ml /24','smart-c-calamansi-splash-350ml-24',NULL,203,0,0,0,15.2130,13.8300,4,'d',100,142,'2016-12-08 22:24:54','2016-12-08 22:24:59'),(1427,'SmartCkalamansi','Smart C+ Calamansi Splash 500ml /24','smart-c-calamansi-splash-500ml-24',NULL,8,0,0,0,19.0630,17.3300,4,'A1',100,142,'2016-12-08 22:24:54','2016-12-08 22:24:59'),(1428,'CHOCOFLAKES','Choco Flakes Small /100','choco-flakes-small-100',NULL,550,0,0,0,4.5320,4.1200,4,'zzzzn',100,142,'2016-12-08 22:24:54','2016-12-08 22:24:59'),(1430,'2145','Great Taste Premium 100g /24','great-taste-premium-100g-24',NULL,6,0,0,0,74.3380,67.5800,4,NULL,100,102,'2016-12-08 22:24:54','2016-12-08 22:24:59'),(1431,'2125','Blend 45 Puti 10s /24','blend-45-puti-10s-24',NULL,0,0,0,0,46.0020,41.8200,4,NULL,100,102,'2016-12-08 22:24:54','2016-12-08 22:24:54'),(1432,'2128','Blend 45 Pula 10s /24','blend-45-pula-10s-24',NULL,0,0,0,0,46.0020,41.8200,4,NULL,100,102,'2016-12-08 22:24:54','2016-12-08 22:24:54'),(1433,'2129','Blend 45 Barako 10s /24','blend-45-barako-10s-24',NULL,0,0,0,0,46.0020,41.8200,4,NULL,100,102,'2016-12-08 22:24:54','2016-12-08 22:24:54'),(1434,'2163','Blend 45 Kondensada 10s /24','blend-45-kondensada-10s-24',NULL,0,0,0,0,46.0020,41.8200,4,NULL,100,102,'2016-12-08 22:24:54','2016-12-08 22:24:54'),(1435,'3in1astigcoffee','Kopiko Astig 3in1/240','kopiko-astig-3in1-240',NULL,0,0,0,0,4.7410,4.3100,4,'h',100,325,'2016-12-08 22:24:54','2016-12-08 22:24:54'),(1436,'kopikobrown3in1','Kopiko Brown 3in1/240','kopiko-brown-3in1-240',NULL,0,0,0,0,5.8960,5.3600,4,'g',100,325,'2016-12-08 22:24:54','2016-12-08 22:24:54'),(1437,'Kopikola31in1','Kopiko L.A. 3in1/240','kopiko-l-a-3in1-240',NULL,40,0,0,0,5.8960,5.3600,4,'i',100,325,'2016-12-08 22:24:54','2016-12-08 22:24:59'),(1438,'cafeblanca','Kopiko Cafe Blanca 3in1/240','kopiko-cafe-blanca-3in1-240',NULL,2606,0,0,0,6.4680,5.8800,4,'',100,325,'2016-12-08 22:24:54','2016-12-08 22:24:59'),(1439,'energenchoco','Energen Choco/288','energen-choco-288',NULL,156,0,0,0,5.5880,5.0800,4,'a',100,325,'2016-12-08 22:24:54','2016-12-08 22:24:59'),(1440,'energenvanilla','Energen Vanilla/288','energen-vanilla-288',NULL,348,0,0,0,5.5880,5.0800,4,'b',100,325,'2016-12-08 22:24:54','2016-12-08 22:24:59'),(1441,'frescherrymint','Fres Cherry Mint 50s /24','fres-cherry-mint-50s-24',NULL,0,0,0,0,28.8750,26.2500,4,'zf',100,325,'2016-12-08 22:24:54','2016-12-08 22:24:54'),(1442,'freshbarleymint','Fres Barley Mint 50s /24','fres-barley-mint-50s-24',NULL,0,0,0,0,28.8750,26.2500,4,'ze',100,325,'2016-12-08 22:24:54','2016-12-08 22:24:54'),(1443,'kopikokopiccino','Kopiko Kopiccino 3in1/240','kopiko-kopiccino-3in1-240',NULL,0,0,0,0,6.6990,6.0900,4,'j',100,325,'2016-12-08 22:24:54','2016-12-08 22:24:54'),(1444,'truepurified','True Purified 500ml /24','true-purified-500ml-24',NULL,0,0,0,0,6.7540,6.1400,4,NULL,100,326,'2016-12-08 22:24:54','2016-12-08 22:24:54'),(1445,'Pillowsubebig','Oishi Pillows Ube Filled Crackers Big /100','oishi-pillows-ube-filled-crackers-big-100',NULL,750,0,0,0,6.8090,6.1900,4,'zzzv',100,142,'2016-12-08 22:24:54','2016-12-08 22:24:59'),(1446,'prawncrackersbig','Oishi Prawn Crackers Big /50','oishi-prawn-crackers-big-50',NULL,179,0,0,0,10.2080,9.2800,4,'zzq',100,142,'2016-12-08 22:24:54','2016-12-08 22:24:59'),(1447,'Spicyprawncrackers','Oishi Prawn Crackers Spicy Big /50','oishi-prawn-crackers-spicy-big-50',NULL,135,0,0,0,10.2080,9.2800,4,'zzr',100,142,'2016-12-08 22:24:54','2016-12-08 22:24:59'),(1448,'prawnsweetandspicy','Oishi Prawn Crackers Sweet & Extra Hot Big /50','oishi-prawn-crackers-sweet-extra-hot-big-50',NULL,211,0,0,0,10.2080,9.2800,4,'zzs',100,142,'2016-12-08 22:24:54','2016-12-08 22:24:59'),(1449,'waffledeluxe','Nissin Waffle Deluxe 12s /12','nissin-waffle-deluxe-12s-12',NULL,9,0,0,0,104.8423,95.3112,4,'zma',100,18,'2016-12-08 22:24:54','2016-12-08 22:24:59'),(1450,'bingodoublechoco10s','Bingo Double Choco 10s /30','bingo-double-choco-10s-30',NULL,9,0,0,0,49.0160,44.5600,4,'zla',100,18,'2016-12-08 22:24:54','2016-12-08 22:24:59'),(1451,'55100','Fit n Right Pineapple 330ml /24','fit-n-right-pineapple-330ml-24',NULL,73,0,0,0,25.0690,22.7900,4,'zzna',100,17,'2016-12-08 22:24:54','2016-12-08 22:24:59'),(1452,'57200','Fit n Right Pineapple 1L /12','fit-n-right-pineapple-1l-12',NULL,0,0,0,0,65.3290,59.3900,4,'zznb',100,17,'2016-12-08 22:24:54','2016-12-08 22:24:54'),(1453,'551001','Del Monte Pineapple Juice Sweetened 240ml /24','del-monte-pineapple-juice-sweetened-240ml-24',NULL,30,0,0,0,23.7160,21.5600,4,'zzha',100,17,'2016-12-08 22:24:54','2016-12-08 22:24:59'),(1454,'Nachochipsbbqsmall','Nacho Chips Bbq Small 33g/100','nacho-chips-bbq-small-33g-100',NULL,0,0,0,0,5.7200,5.2000,4,NULL,100,311,'2016-12-08 22:24:54','2016-12-08 22:24:54'),(1455,'nacchochipscheesesmall','Nacho Chips Cheese Small 33g/100','nacho-chips-cheese-small-33g-100',NULL,0,0,0,0,5.7200,5.2000,4,'ya',100,311,'2016-12-08 22:24:54','2016-12-08 22:24:54'),(1456,'creamywhite8','Nescafe 3in1 Creamy White 30s /8','nescafe-3in1-creamy-white-30s-8',NULL,1,0,0,0,196.9330,179.0300,4,'s',100,209,'2016-12-08 22:24:54','2016-12-08 22:24:59'),(1457,'sotanghonsupreme','Lucky Me Supreme Sotanghon Small /45','lucky-me-supreme-sotanghon-small-45',NULL,51,0,0,0,23.9140,21.7400,4,'zja',100,18,'2016-12-08 22:24:54','2016-12-08 22:24:59'),(1458,'rebiscobutter','Rebisco Butter Sandwich 10s /40','rebisco-butter-sandwich-10s-40',NULL,26,0,0,0,48.5100,44.1000,4,'zr',100,327,'2016-12-08 22:24:54','2016-12-08 22:24:59'),(1459,'rebiscochoco','Rebisco Choco Sandwich 10s /40','rebisco-choco-sandwich-10s-40',NULL,15,0,0,0,48.5100,44.1000,4,'zs',100,327,'2016-12-08 22:24:54','2016-12-08 22:24:59'),(1460,'rebiscocream','Rebisco Cream Sandwich 10s /40','rebisco-cream-sandwich-10s-40',NULL,25,0,0,0,48.5100,44.1000,4,'zt',100,327,'2016-12-08 22:24:54','2016-12-08 22:24:59'),(1461,'rebiscostrawberry','Rebisco Strawberry Sandwich 10s /40','rebisco-strawberry-sandwich-10s-40',NULL,47,0,0,0,48.5100,44.1000,4,'zu',100,327,'2016-12-08 22:24:54','2016-12-08 22:24:59'),(1462,'rebiscopeanutbutter','Rebisco Peanut Butter Sandwich 10s /40','rebisco-peanut-butter-sandwich-10s-40',NULL,31,0,0,0,48.5100,44.1000,4,'zv',100,327,'2016-12-08 22:24:54','2016-12-08 22:24:59'),(1463,'hanselmocha','Hansel Mocha 10s /40','hansel-mocha-10s-40',NULL,38,0,0,0,48.5100,44.1000,4,'zw',100,327,'2016-12-08 22:24:54','2016-12-08 22:24:59'),(1464,'combitriplechoco','Combi Triple Choco 10s /40','combi-triple-choco-10s-40',NULL,28,0,0,0,48.5100,44.1000,4,'zvb',100,327,'2016-12-08 22:24:54','2016-12-08 22:24:59'),(1465,'waftertimedoublechoco','Wafer Time Double Choco 20s /20','wafer-time-double-choco-20s-20',NULL,7,0,0,0,37.8290,34.3900,4,'zy',100,327,'2016-12-08 22:24:54','2016-12-08 22:24:59'),(1466,'chocotops','Choco Topps 10s /10','choco-topps-10s-10',NULL,39,0,0,0,59.4880,54.0800,4,'zz',100,327,'2016-12-08 22:24:54','2016-12-08 22:24:59'),(1467,'fudgeebarrchocoblast','Fudgee Barr Choco Blast 10s /10','fudgee-barr-choco-blast-10s-10',NULL,17,0,0,0,61.2150,55.6500,4,'zza',100,327,'2016-12-08 22:24:54','2016-12-08 22:24:59'),(1468,'fudgeebarrcombo','Fudgee Barr Flavor Combo 10s /10','fudgee-barr-flavor-combo-10s-10',NULL,22,0,0,0,61.2150,55.6500,4,'zzb',100,327,'2016-12-08 22:24:54','2016-12-08 22:24:59'),(1469,'chunkeechoco','Chunkee Chewy Cookies 10s /30','chunkee-chewy-cookies-10s-30',NULL,33,0,0,0,63.6790,57.8900,4,'zzc',100,327,'2016-12-08 22:24:54','2016-12-08 22:24:59'),(1470,'crossinirollschoco','Crossini Rolls Choco  10s /10','crossini-rolls-choco-10s-10',NULL,30,0,0,0,61.7980,56.1800,4,'zzd',100,327,'2016-12-08 22:24:54','2016-12-08 22:24:59'),(1471,'Dooweedonuts','Doowee Donuts 10s /10','doowee-donuts-10s-10',NULL,26,0,0,0,79.4640,72.2400,4,'zze',100,327,'2016-12-08 22:24:54','2016-12-08 22:24:59'),(1472,'extremechocosandwich','Extreme Choco Sandwich 10s /40','extreme-choco-sandwich-10s-40',NULL,30,0,0,0,48.5100,44.1000,4,'zva',100,327,'2016-12-08 22:24:54','2016-12-08 22:24:59'),(1473,'Pinattsusmall','Oishi Pinattsu Peanut Crackers Garlic & Salt 32g/100 Small','oishi-pinattsu-peanut-crackers-garlic-salt-32g-100-small',NULL,0,0,0,0,6.2810,5.7100,4,NULL,100,142,'2016-12-08 22:24:54','2016-12-08 22:24:54'),(1474,'Zestobig250grapes','Big 250 Orange 250ml/10','big-250-orange-250ml-10',NULL,0,0,0,0,6.2150,5.6500,4,'zzve',100,328,'2016-12-08 22:24:54','2016-12-08 22:24:54'),(1475,'Zestobig250grapes.','Big 250 Grapes 250ml/10','big-250-grapes-250ml-10',NULL,0,0,0,0,6.2150,5.6500,4,'zzvg',100,328,'2016-12-08 22:24:54','2016-12-08 22:24:54'),(1476,'Zestobig250apple','Big 250 Apple  250ml /10','big-250-apple-250ml-10',NULL,0,0,0,0,6.2150,5.6500,4,'zzvf',100,328,'2016-12-08 22:24:54','2016-12-08 22:24:54'),(1477,'zestoplusorange','Plus Orange 250ml/10','plus-orange-250ml-10',NULL,3,0,0,0,6.2150,5.6500,4,'zzva',100,328,'2016-12-08 22:24:54','2016-12-08 22:24:59'),(1478,'Zestoplusgrapes','Plus Grapes 250ml/10','plus-grapes-250ml-10',NULL,0,0,0,0,6.2150,5.6500,4,'zzvd',100,328,'2016-12-08 22:24:54','2016-12-08 22:24:54'),(1479,'zestopluspineaple','Plus Pineapple 250ml/10','plus-pineapple-250ml-10',NULL,0,0,0,0,6.2150,5.6500,4,'zzvc',100,328,'2016-12-08 22:24:54','2016-12-08 22:24:54'),(1480,'zestoplusapple','Plus Apple 250ml /10','plus-apple-250ml-10',NULL,67,0,0,0,6.2150,5.6500,4,'zzvb',100,328,'2016-12-08 22:24:54','2016-12-08 22:24:59'),(1481,'clovercheese40/60','Clover Cheese Medium 60g/40','clover-cheese-medium-60g-40',NULL,89,0,0,0,16.2580,14.7800,4,'sa',100,311,'2016-12-08 22:24:54','2016-12-08 22:24:59'),(1482,'zestoplusmango','Plus Mango 250ml/10','plus-mango-250ml-10',NULL,0,0,0,0,6.7650,6.1500,4,'zzvaa',100,328,'2016-12-08 22:24:54','2016-12-08 22:24:54'),(1483,'stikojuniorchocolate12','Stik  O Junior Chocolate /12','stik-o-junior-chocolate-12',NULL,6,0,0,0,54.3400,49.4000,4,'zzf',100,331,'2016-12-08 22:24:54','2016-12-08 22:24:59'),(1484,'stikojuniorstrawberry12','Stik  O Junior Strawberry /12','stik-o-junior-strawberry-12',NULL,3,0,0,0,54.3400,49.4000,4,'zzg',100,331,'2016-12-08 22:24:54','2016-12-08 22:24:59'),(1485,'stikojuniorube12','Stik  O Junior Ube /12','stik-o-junior-ube-12',NULL,0,0,0,0,54.3400,49.4000,4,'zzh',100,331,'2016-12-08 22:24:54','2016-12-08 22:24:54'),(1486,'stikojuniorpandan12','Stik  O Junior Pandan /12','stik-o-junior-pandan-12',NULL,0,0,0,0,54.3400,49.4000,4,'zzi',100,331,'2016-12-08 22:24:54','2016-12-08 22:24:54'),(1487,'stickominichocolate','Stik  O Mini Chocolate /30','stik-o-mini-chocolate-30',NULL,0,0,0,0,14.4320,13.1200,4,NULL,100,331,'2016-12-08 22:24:54','2016-12-08 22:24:54'),(1488,'whitecow','White Cow /6','white-cow-6',NULL,0,0,0,0,66.5060,60.4600,4,'zzk',100,331,'2016-12-08 22:24:54','2016-12-08 22:24:54'),(1489,'chokochokobabyjar','Choko  Choko Baby Jar /12','choko-choko-baby-jar-12',NULL,0,0,0,0,50.9410,46.3100,4,'zsa',100,331,'2016-12-08 22:24:54','2016-12-08 22:24:54'),(1490,'chokochokorefill12','Choko  Choko Refill /12','choko-choko-refill-12',NULL,36,0,0,0,48.6750,44.2500,4,'zsb',100,331,'2016-12-08 22:24:54','2016-12-08 22:24:59'),(1491,'stikobigchocolate6','Stik  O Big Chocolate /6','stik-o-big-chocolate-6',NULL,0,0,0,0,110.8800,100.8000,4,'zzea',100,331,'2016-12-08 22:24:54','2016-12-08 22:24:54'),(1492,'milkymarie20','Milky Marie /20','milky-marie-20',NULL,0,0,0,0,32.8350,29.8500,4,NULL,100,331,'2016-12-08 22:24:54','2016-12-08 22:24:54'),(1493,'yumyumchocosnacks10','Yum Yum Choco Snacks /10','yum-yum-choco-snacks-10',NULL,0,0,0,0,110.9350,100.8500,4,NULL,100,331,'2016-12-08 22:24:54','2016-12-08 22:24:54'),(1494,'chocojoerefill20','Choco Joe Chocolate Refill /20','choco-joe-chocolate-refill-20',NULL,60,0,0,0,19.2390,17.4900,4,'zsc',100,331,'2016-12-08 22:24:54','2016-12-08 22:24:59'),(1495,'truepurified500','True Purified 350ml /48','true-purified-350ml-48',NULL,0,0,0,0,5.3020,4.8200,4,NULL,100,326,'2016-12-08 22:24:54','2016-12-08 22:24:54'),(1496,'fouseason5plus1','Del Monte Four Seasons 5+1 Promo 6s /4','del-monte-four-seasons-5-1-promo-6s-4',NULL,0,0,0,0,121.2750,110.2500,4,'zzma',100,17,'2016-12-08 22:24:54','2016-12-08 22:24:54'),(1497,'zestoplusguyabano','Plus Guyabano 250ml/10','plus-guyabano-250ml-10',NULL,20,0,0,0,6.7650,6.1500,4,'zzvda',100,328,'2016-12-08 22:24:54','2016-12-08 22:24:59'),(1498,'vitamilkdoublechoco','Vitamilk Double Choco /24','vitamilk-double-choco-24',NULL,24,0,0,0,24.5520,22.3200,4,'zfa',100,14,'2016-12-08 22:24:54','2016-12-08 22:24:59'),(1499,'big250pineapple','Big 250 Pineapple 250ml/10','big-250-pineapple-250ml-10',NULL,0,0,0,0,6.2150,5.6500,4,'zzvfa',100,328,'2016-12-08 22:24:54','2016-12-08 22:24:54'),(1500,'rebiscocrackers','Rebisco Crackers 10s /20','rebisco-crackers-10s-20',NULL,30,0,0,0,46.6950,42.4500,4,'zqa',100,327,'2016-12-08 22:24:54','2016-12-08 22:24:59'),(1501,'homihotbeef72','Homi Hot Beef /72','homi-hot-beef-72',NULL,836,0,0,0,7.4030,6.7300,4,'eb',100,342,'2016-12-08 22:24:54','2016-12-08 22:24:59'),(1502,'homibeef72','Homi Beef /72','homi-beef-72',NULL,2,0,0,0,7.4030,6.7300,4,'ea',100,342,'2016-12-08 22:24:54','2016-12-08 22:24:59'),(1503,'chocko','Choc-Ko /6','choc-ko-6',NULL,121,0,0,0,66.5060,60.4600,4,'zzka',100,331,'2016-12-08 22:24:54','2016-12-08 22:24:59'),(1504,'chocojoe2in1refill','Choco Joe 2in1 Refill /20','choco-joe-2in1-refill-20',NULL,80,0,0,0,19.2390,17.4900,4,'zsca',100,331,'2016-12-08 22:24:54','2016-12-08 22:24:59'),(1505,'wiggleschocolatte','Wiggles Chocolatey 35s /16','wiggles-chocolatey-35s-16',NULL,0,0,0,0,32.9890,29.9900,4,'zzm',100,102,'2016-12-08 22:24:54','2016-12-08 22:24:54'),(1506,'wigglesmochalicious','Wiggles Mochalicious 35s /16','wiggles-mochalicious-35s-16',NULL,0,0,0,0,32.9890,29.9900,4,'zzma',100,102,'2016-12-08 22:24:54','2016-12-08 22:24:54'),(1507,'chuckie180ml','Chuckie Chocolate Drink 180ml /32','chuckie-chocolate-drink-180ml-32',NULL,1,0,0,0,20.5040,18.6400,4,'zia',100,209,'2016-12-08 22:24:54','2016-12-08 22:24:59'),(1508,'ncreamywhitetie','Nescafe 3in1 Creamy White/240','nescafe-3in1-creamy-white-240',NULL,120,0,0,0,6.7320,6.1200,4,'ne',100,209,'2016-12-08 22:24:54','2016-12-08 22:24:59'),(1509,'mogumogugrapes320','Mogu Mogu Grapes 320ml /24','mogu-mogu-grapes-320ml-24',NULL,129,0,0,0,28.8750,26.2500,4,'zha',100,21,'2016-12-08 22:24:54','2016-12-08 22:24:59'),(1510,'mogumogustrawberry320','Mogu Mogu Strawberry 320ml /24','mogu-mogu-strawberry-320ml-24',NULL,154,0,0,0,28.8750,26.2500,4,'zhb',100,21,'2016-12-08 22:24:54','2016-12-08 22:24:59'),(1511,'chokochokobabyrefil','Choko  Choko Baby Refill /24','choko-choko-baby-refill-24',NULL,0,0,0,0,25.4760,23.1600,4,'zsaa',100,331,'2016-12-08 22:24:54','2016-12-08 22:24:54'),(1512,'oishipotatochips','Oishi Potato Chips Plain Salted Small /50','oishi-potato-chips-plain-salted-small-50',NULL,220,0,0,0,9.0640,8.2400,4,'zzzzp',100,142,'2016-12-08 22:24:54','2016-12-08 22:24:59'),(1513,'fresgrapemint50s','Fres Grape Mint 50s /24','fres-grape-mint-50s-24',NULL,0,0,0,0,28.8750,26.2500,4,'zg',100,325,'2016-12-08 22:24:54','2016-12-08 22:24:54'),(1514,'absolute6l','Absolute Distilled Water 6L/3','absolute-distilled-water-6l-3',NULL,90,0,0,0,67.1440,61.0400,4,'zzsa',100,14,'2016-12-08 22:24:54','2016-12-08 22:24:59'),(1515,'fruityloops','Oishi Fruity Loops 22g /100','oishi-fruity-loops-22g-100',NULL,400,0,0,0,4.5320,4.1200,4,'zzzzna',100,142,'2016-12-08 22:24:54','2016-12-08 22:24:59'),(1516,'kornycones','Oishi Korny Cones Original 20g /100','oishi-korny-cones-original-20g-100',NULL,0,0,0,0,4.5320,4.1200,4,'zzzznb',100,142,'2016-12-08 22:24:54','2016-12-08 22:24:54'),(1517,'kornyconescheese','Oishi Korny Cones Cheese 20g /100','oishi-korny-cones-cheese-20g-100',NULL,0,0,0,0,4.5320,4.1200,4,'zzzznc',100,142,'2016-12-08 22:24:54','2016-12-08 22:24:54'),(1518,'fitnrightfourseason','Fit n Right Four Seasons 330ml /24','fit-n-right-four-seasons-330ml-24',NULL,21,0,0,0,25.0690,22.7900,4,'zznaa',100,17,'2016-12-08 22:24:54','2016-12-08 22:24:59'),(1519,'big250guyabano','Big 250 Guyabano 250ml/10','big-250-guyabano-250ml-10',NULL,0,0,0,0,6.7650,6.1500,4,'',100,328,'2016-12-08 22:24:54','2016-12-08 22:24:54'),(1520,'zestochoco200','Zesto Choc-O 200ml 10s /1','zesto-choc-o-200ml-10s-1',NULL,0,0,0,0,15.6750,14.2500,4,'',100,328,'2016-12-08 22:24:54','2016-12-08 22:24:54'),(2520,'hallsmentholyptus425','Halls Mentho-Lyptus 425s /6','halls-mentho-lyptus-425s-6',NULL,0,0,0,0,295.1850,268.3500,4,'',100,357,'2016-12-08 22:24:54','2016-12-08 22:24:54'),(2521,'hallsmenthoslyptus50s','Halls Mentho-Lyptus 50s /60','halls-mentho-lyptus-50s-60',NULL,20,0,0,0,40.2820,36.6200,4,'',100,357,'2016-12-08 22:24:54','2016-12-08 22:24:59'),(2522,'tigerenergychoco30x10','Tiger Energy Choco 10s /30','tiger-energy-choco-10s-30',NULL,0,0,0,0,54.2850,49.3500,4,'',100,357,'2016-12-08 22:24:54','2016-12-08 22:24:54'),(2523,'tigerenergyvanilla30x10','Tiger Energy Vanilla 10s /30','tiger-energy-vanilla-10s-30',NULL,2,0,0,0,53.2070,48.3700,4,'',100,357,'2016-12-08 22:24:54','2016-12-08 22:24:59'),(2524,'tangorangelitropck','Tang Orange Litro Pack/144','tang-orange-litro-pack-144',NULL,108,0,0,0,9.8560,8.9600,4,'',100,357,'2016-12-08 22:24:54','2016-12-08 22:24:59'),(2525,'edenbaonpack','Eden Baon Pack /144','eden-baon-pack-144',NULL,144,0,0,0,11.8250,10.7500,4,'',100,357,'2016-12-08 22:24:54','2016-12-08 22:24:59'),(2526,'cheezwhizsulitpack','Cheez Whiz Sulit Pack /144','cheez-whiz-sulit-pack-144',NULL,0,0,0,0,6.6000,6.0000,4,'',100,357,'2016-12-08 22:24:54','2016-12-08 22:24:54'),(2527,'miloactigen-ehighmalt','Milo Tonic Food Drink 80g / 90','milo-tonic-food-drink-80g-90',NULL,0,0,0,0,21.1640,19.2400,4,NULL,100,209,'2016-12-08 22:24:54','2016-12-08 22:24:54'),(2528,'Nescaferefilloack60x25g','Nescafe Classic Coffee 25g / 60','nescafe-classic-coffee-25g-60',NULL,30,0,0,0,21.6480,19.6800,4,'',100,209,'2016-12-08 22:24:54','2016-12-08 22:24:59'),(2529,'nesteahoneyblend144x25g','Nestea Honey Blend Litro Pack/144','nestea-honey-blend-litro-pack-144',NULL,0,0,0,0,9.9000,9.0000,4,'',100,209,'2016-12-08 22:24:54','2016-12-08 22:24:54'),(2530,'nescafeclasticksmp21','Nescafe Classic Coffee Sticks 48s / 21','nescafe-classic-coffee-sticks-48s-21',NULL,0,0,0,0,103.2240,93.8400,4,NULL,100,209,'2016-12-08 22:24:54','2016-12-08 22:24:54'),(2531,'bbiron+zinc+vitc120x80g','Bear Brand Powdered Milk Drink 6s / 120','bear-brand-powdered-milk-drink-6s-120',NULL,0,0,0,0,30.1840,27.4400,4,NULL,100,209,'2016-12-08 22:24:54','2016-12-08 22:24:54'),(2532,'bbiron+zinc+vitc72x150g','Bear Brand Powdered Milk Drink 150g / 72','bear-brand-powdered-milk-drink-150g-72',NULL,10,0,0,0,55.0000,50.0000,4,'',100,209,'2016-12-08 22:24:54','2016-12-08 22:24:59'),(2533,'nescafe3in1brwnNCrm24(11x23g)10+1','Nescafe 3in1 Brown & Creamy/240','nescafe-3in1-brown-creamy-240',NULL,10,0,0,0,6.5560,5.9600,4,'',100,209,'2016-12-08 22:24:54','2016-12-08 22:24:59'),(2534,'mondemamonmocha','Monde Special Mamon Mocha  /12','monde-special-mamon-mocha-12',NULL,0,0,0,0,75.6030,68.7300,4,NULL,100,18,'2016-12-08 22:24:54','2016-12-08 22:24:54'),(2535,'mondemamonstrawberry','Monde Special Mamon Strawberry Jam  /18','monde-special-mamon-strawberry-jam-18',NULL,0,0,0,0,54.6040,49.6400,4,NULL,100,18,'2016-12-08 22:24:54','2016-12-08 22:24:54'),(2536,'doweewhite','Dowee White 10s /10','dowee-white-10s-10',NULL,7,0,0,0,79.4640,72.2400,4,'',100,327,'2016-12-08 22:24:54','2016-12-08 22:24:59'),(2537,'doweestrawberry','Dowee Strawberry 10s /10','dowee-strawberry-10s-10',NULL,3,0,0,0,79.4640,72.2400,4,'',100,327,'2016-12-08 22:24:54','2016-12-08 22:24:59'),(2538,'hanselplaincrackers','Hansel Plain Crackers 10s /30','hansel-plain-crackers-10s-30',NULL,0,0,0,0,48.5100,44.1000,4,'',100,327,'2016-12-08 22:24:54','2016-12-08 22:24:54'),(2539,'homichicken72','Homi Chicken /72','homi-chicken-72',NULL,80,0,0,0,7.4030,6.7300,4,'',100,342,'2016-12-08 22:24:54','2016-12-08 22:24:59'),(2540,'gtpremium50g','Great Taste Premium 50g /24','great-taste-premium-50g-24',NULL,5,0,0,0,37.3670,33.9700,4,NULL,100,102,'2016-12-08 22:24:54','2016-12-08 22:24:59'),(2541,'gtpremium25g','Great Taste Premium 25g /48','great-taste-premium-25g-48',NULL,0,0,0,0,18.7990,17.0900,4,NULL,100,102,'2016-12-08 22:24:54','2016-12-08 22:24:54'),(2542,'DelmonteTomatoSauce200g3+1','Del Monte Original Style 200g 3+1 promo 4s/12','del-monte-original-style-200g-3-1-promo-4s-12',NULL,0,0,0,0,57.6070,52.3700,4,'',100,17,'2016-12-08 22:24:54','2016-12-08 22:24:54'),(2543,'nestfrutamelon','Nestle Nesfruta Melon 25g/144','nestle-nesfruta-melon-25g-144',NULL,12,0,0,0,9.8120,8.9200,4,'',100,209,'2016-12-08 22:24:54','2016-12-08 22:24:59'),(2544,'nescafe3in1twinpack','Nescafe 3in1 Original Twin Pack/280','nescafe-3in1-original-twin-pack-280',NULL,0,0,0,0,8.7120,7.9200,4,'',100,209,'2016-12-08 22:24:54','2016-12-08 22:24:54'),(2545,'homichiligarlic','Homi Chili Garlic Beef /72','homi-chili-garlic-beef-72',NULL,36,0,0,0,7.4030,6.7300,4,'eba',100,342,'2016-12-08 22:24:54','2016-12-08 22:24:59'),(2546,'pineapleorange','Del Monte Pineapple Juice Orange 5+1 Promo 6s /4','del-monte-pineapple-juice-orange-5-1-promo-6s-4',NULL,0,0,0,0,121.2750,110.2500,4,'',100,17,'2016-12-08 22:24:54','2016-12-08 22:24:54'),(2547,'pinebonesmart','Del Monte Pineapple Juice Bone Smart 5+1 Promo 6s /4','del-monte-pineapple-juice-bone-smart-5-1-promo-6s-4',NULL,0,0,0,0,128.6340,116.9400,4,NULL,100,17,'2016-12-08 22:24:54','2016-12-08 22:24:54'),(2548,'absolute350','Absolute Distilled Water 350ml /35','absolute-distilled-water-350ml-35',NULL,0,0,0,0,9.2730,8.4300,4,'',100,14,'2016-12-08 22:24:54','2016-12-08 22:24:54'),(2549,'absolute500','Absolute Distilled Water 500ml /24','absolute-distilled-water-500ml-24',NULL,0,0,0,0,11.7370,10.6700,4,'',100,14,'2016-12-08 22:24:54','2016-12-08 22:24:54'),(2550,'absolute1L','Absolute Distilled Water 1L /12','absolute-distilled-water-1l-12',NULL,12,0,0,0,20.1740,18.3400,4,'',100,14,'2016-12-08 22:24:54','2016-12-08 22:24:59'),(2551,'summitmineral35','Summit Mineral Water 350ml /35','summit-mineral-water-350ml-35',NULL,70,0,0,0,7.2930,6.6300,4,'',100,14,'2016-12-08 22:24:54','2016-12-08 22:24:59'),(2552,'summit1L','Summit Mineral Water 1L /12','summit-mineral-water-1l-12',NULL,0,0,0,0,16.8630,15.3300,4,'',100,14,'2016-12-08 22:24:54','2016-12-08 22:24:54'),(2553,'PeeweeBbq','Peewee Sizzling Bbq 30g /100','peewee-sizzling-bbq-30g-100',NULL,250,0,0,0,4.6090,4.1900,4,'',100,407,'2016-12-08 22:24:54','2016-12-08 22:24:59'),(2554,'PeeweePizza','Peewee Pizza Supreme 30g /100','peewee-pizza-supreme-30g-100',NULL,550,0,0,0,4.6090,4.1900,4,'',100,407,'2016-12-08 22:24:54','2016-12-08 22:24:59'),(2555,'CheezIT','Cheez It Cheezy Flavored Crakers 30g /100','cheez-it-cheezy-flavored-crakers-30g-100',NULL,500,0,0,0,4.6090,4.1900,4,'',100,407,'2016-12-08 22:24:54','2016-12-08 22:24:59'),(2556,'MobyChocolate','Moby Crunchy Chocolate  30g /100','moby-crunchy-chocolate-30g-100',NULL,800,0,0,0,4.6090,4.1900,4,'',100,407,'2016-12-08 22:24:54','2016-12-08 22:24:59'),(2557,'MobyCaramel','Moby Crunchy Caramel 30g /100','moby-crunchy-caramel-30g-100',NULL,999,0,0,0,4.6090,4.1900,4,'',100,407,'2016-12-08 22:24:54','2016-12-08 22:24:59'),(2558,'RicheeMilk','Ri-chee Crunchy Milk 30g /100','ri-chee-crunchy-milk-30g-100',NULL,550,0,0,0,4.6090,4.1900,4,'',100,407,'2016-12-08 22:24:54','2016-12-08 22:24:59'),(2559,'TomiSweetCorn','Tomi Sweet Corn 30g /100','tomi-sweet-corn-30g-100',NULL,649,0,0,0,4.6090,4.1900,4,'',100,407,'2016-12-08 22:24:54','2016-12-08 22:24:59'),(2560,'LoadedChoco','Loaded Chocolate Filled Snacks 40g /100','loaded-chocolate-filled-snacks-40g-100',NULL,1534,0,0,0,5.2360,4.7600,4,'',100,407,'2016-12-08 22:24:54','2016-12-08 22:24:59'),(2561,'LoadedWhiteChocolate','Loaded White Chocolate 40g /100','loaded-white-chocolate-40g-100',NULL,1183,0,0,0,5.2360,4.7600,4,'',100,407,'2016-12-08 22:24:54','2016-12-08 22:24:59'),(2562,'Fitasingletuna','Fita Single Tuna 10s / 24','fita-single-tuna-10s-24',NULL,12,0,0,0,51.4690,46.7900,4,'',100,18,'2016-12-08 22:24:54','2016-12-08 22:24:59'),(2563,'plusstawberry','Plus Strawberry 250ml/10','plus-strawberry-250ml-10',NULL,20,0,0,0,6.2150,5.6500,4,'',100,328,'2016-12-08 22:24:54','2016-12-08 22:24:59'),(2564,'nescafe','Nescafe 3in1 Creamylatte /240','nescafe-3in1-creamylatte-240',NULL,20,0,0,0,6.7320,6.1200,4,'',100,209,'2016-12-08 22:24:54','2016-12-08 22:24:59'),(2565,'knicks','Knick Knacks Chocolate 28g/100','knick-knacks-chocolate-28g-100',NULL,34,0,0,0,5.2030,4.7300,4,'',100,311,'2016-12-08 22:24:54','2016-12-08 22:24:59'),(2566,'knicks knacks','Knick Knacks Milk 28g/100','knick-knacks-milk-28g-100',NULL,140,0,0,0,5.2030,4.7300,4,'',100,311,'2016-12-08 22:24:54','2016-12-08 22:24:59'),(2567,'loaded60g','Loaded Chocolate 65g /50','loaded-chocolate-65g-50',NULL,143,0,0,0,10.4610,9.5100,4,'',100,407,'2016-12-08 22:24:54','2016-12-08 22:24:59'),(2568,'nescafe31n1orig12s/24','Nescafe 3in1 Original/288','nescafe-3in1-original-288',NULL,0,0,0,0,7.1280,6.4800,4,'',100,209,'2016-12-08 22:24:54','2016-12-08 22:24:54'),(2569,'oishiwafuwaferchocolate','Oishi Wafu Wafer Chocolate 14g 20s /12','oishi-wafu-wafer-chocolate-14g-20s-12',NULL,6,0,0,0,54.3840,49.4400,4,'',100,142,'2016-12-08 22:24:54','2016-12-08 22:24:59'),(2570,'oishiwafulecheflan','Oishi Wafu Wafer Leche Flan 14g 20s /12','oishi-wafu-wafer-leche-flan-14g-20s-12',NULL,13,0,0,0,54.3840,49.4400,4,'',100,142,'2016-12-08 22:24:54','2016-12-08 22:24:59'),(2571,'oishiwafucheese','Oishi Wafu Wafer Cheese 14g 20s /12','oishi-wafu-wafer-cheese-14g-20s-12',NULL,2,0,0,0,54.3840,49.4400,4,'',100,142,'2016-12-08 22:24:54','2016-12-08 22:24:59'),(2572,'richeesecheesewafer','Richeese Cheese Wafer 10s /20','richeese-cheese-wafer-10s-20',NULL,14,0,0,0,47.8830,43.5300,4,'',100,423,'2016-12-08 22:24:54','2016-12-08 22:24:59'),(2573,'richeeseahhtriplecheese','Richeese Ahh Triple Cheese 10s /20','richeese-ahh-triple-cheese-10s-20',NULL,0,0,0,0,47.3440,43.0400,4,'',100,423,'2016-12-08 22:24:54','2016-12-08 22:24:54'),(2574,'richeeserolls','Richeese Rolls /60','richeese-rolls-60',NULL,0,0,0,0,9.6800,8.8000,4,'',100,423,'2016-12-08 22:24:54','2016-12-08 22:24:54'),(2575,'richeesecheesewafer53.3g/60','Richeese Cheese Wafer/60','richeese-cheese-wafer-60',NULL,1366,0,0,0,9.6690,8.7900,4,'',100,423,'2016-12-08 22:24:54','2016-12-08 22:24:59'),(2576,'Zestochoco250ml5+1','Zest - O Choc - O Slim 250ml 5+1','zest-o-choc-o-slim-250ml-5-1',NULL,0,0,0,0,100.3750,91.2500,4,'',100,328,'2016-12-08 22:24:54','2016-12-08 22:24:54'),(2577,'magicchipssourcreamnonion','Magic Chips sour cream \'n onion','magic-chips-sour-cream-n-onion',NULL,0,0,0,0,5.7090,5.1900,4,NULL,100,102,'2016-12-08 22:24:54','2016-12-08 22:24:54'),(2578,'Chunkee creampie cookies','Chunkee Creampie Cookies 10s/20','chunkee-creampie-cookies-10s-20',NULL,56,0,0,0,63.7010,57.9100,4,'',100,327,'2016-12-08 22:24:54','2016-12-08 22:24:59'),(2579,'Superstix Choco Big /6','Superstix Choco Big /6','superstix-choco-big-6',NULL,0,0,0,0,106.8430,97.1300,4,NULL,100,327,'2016-12-08 22:24:54','2016-12-08 22:24:54'),(2580,'Veggie Reggie w/ Malunggay Orig Flvr 18g/100','Veggie Reggie w/ Malunggay Orig Small/100','veggie-reggie-w-malunggay-orig-small-100',NULL,0,0,0,0,4.5320,4.1200,4,'',100,142,'2016-12-08 22:24:54','2016-12-08 22:24:54'),(2581,'Veggie Reggie w/ Malunggay Bbq Flvr 18g/100','Veggie Reggie w/ Malunggay Bbq Small/100','veggie-reggie-w-malunggay-bbq-small-100',NULL,300,0,0,0,4.5320,4.1200,4,'',100,142,'2016-12-08 22:24:54','2016-12-08 22:24:59'),(2582,'Boogyman Crunch 24g/100','Boogyman Crunch 24g/100','boogyman-crunch-24g-100',NULL,50,0,0,0,4.5320,4.1200,4,'',100,142,'2016-12-08 22:24:54','2016-12-08 22:24:59'),(2583,'Chocolo Soft-Bite Choco 30g/100','Chocolo Soft-Bite Choco 30g/100','chocolo-soft-bite-choco-30g-100',NULL,100,0,0,0,4.5320,4.1200,4,'',100,142,'2016-12-08 22:24:54','2016-12-08 22:24:59'),(2584,'Fish Crackers 24g/100','Fish Crackers 24g/100','fish-crackers-24g-100',NULL,0,0,0,0,4.5320,4.1200,4,'',100,142,'2016-12-08 22:24:54','2016-12-08 22:24:54'),(2585,'Del Monte Pineapple Juice ACE 5+1 Promo 6s /4','Del Monte Pineapple Juice ACE 5+1 Promo 6s /4','del-monte-pineapple-juice-ace-5-1-promo-6s-4',NULL,0,0,0,0,123.9700,112.7000,4,'',100,17,'2016-12-08 22:24:54','2016-12-08 22:24:54'),(2586,'Oishi Ribbed Cracklings Big /50','Oishi Ribbed Cracklings Big /50','oishi-ribbed-cracklings-big-50',NULL,205,0,0,0,10.1970,9.2700,4,'',100,142,'2016-12-08 22:24:54','2016-12-08 22:24:59'),(2587,'Oishi Kirei Yummy Flakes Shrimp Big /50','Oishi Kirei Yummy Flakes Shrimp Big /50','oishi-kirei-yummy-flakes-shrimp-big-50',NULL,14,0,0,0,10.1970,9.2700,4,'',100,142,'2016-12-08 22:24:54','2016-12-08 22:24:59'),(2588,'Oishi Oaties Milk 250ml /24','Oishi Oaties Milk 250ml /24','oishi-oaties-milk-250ml-24',NULL,0,0,0,0,18.5900,16.9000,4,'',100,142,'2016-12-08 22:24:54','2016-12-08 22:24:54'),(2589,'Fudgee Barr Dark Choco 10s /10','Fudgee Barr Dark Choco 10s /10','fudgee-barr-dark-choco-10s-10',NULL,10,0,0,0,61.2150,55.6500,4,'',100,327,'2016-12-08 22:24:54','2016-12-08 22:24:59'),(2590,'Fudgee Barr Macapuno 10s /10','Fudgee Barr Macapuno 10s /10','fudgee-barr-macapuno-10s-10',NULL,0,0,0,0,61.2150,55.6500,4,'',100,327,'2016-12-08 22:24:54','2016-12-08 22:24:54'),(2591,'Fudgee Barr Vanilla 10s /10','Fudgee Barr Vanilla 10s /10','fudgee-barr-vanilla-10s-10',NULL,10,0,0,0,61.2150,55.6500,4,'',100,327,'2016-12-08 22:24:54','2016-12-08 22:24:59'),(2592,'Fudgee Barr Milk 10s /10','Fudgee Barr Milk 10s /10','fudgee-barr-milk-10s-10',NULL,10,0,0,0,61.2150,55.6500,4,'',100,327,'2016-12-08 22:24:54','2016-12-08 22:24:59'),(2593,'SuperstixChocoSmall/12','Superstix Choco Small /12','superstix-choco-small-12',NULL,0,0,0,0,54.5820,49.6200,4,NULL,100,327,'2016-12-08 22:24:54','2016-12-08 22:24:54'),(2594,'fudgeebarrmocha','Fudgee Barr Mocha 10s /10','fudgee-barr-mocha-10s-10',NULL,10,0,0,0,61.2150,55.6500,4,'',100,327,'2016-12-08 22:24:54','2016-12-08 22:24:59'),(2595,'ChocoChug250ml/24','Choco Chug 250ml /24','choco-chug-250ml-24',NULL,130,0,0,0,18.5900,16.9000,4,'',100,142,'2016-12-08 22:24:54','2016-12-08 22:24:59'),(2596,'ChocoChugRockyRoad250ml/24','Choco Chug Rocky Road 250ml /24','choco-chug-rocky-road-250ml-24',NULL,0,0,0,0,18.5900,16.9000,4,'',100,142,'2016-12-08 22:24:54','2016-12-08 22:24:54'),(2597,'ChocoChug1L/12','Choco Chug 1L /12','choco-chug-1l-12',NULL,0,0,0,0,68.0020,61.8200,4,'',100,142,'2016-12-08 22:24:54','2016-12-08 22:24:54'),(2598,'OishiPrawnCrackers5gx20/15','Oishi Prawn Crackers Small 20s /15','oishi-prawn-crackers-small-20s-15',NULL,30,0,0,0,18.7880,17.0800,4,'',100,142,'2016-12-08 22:24:54','2016-12-08 22:24:59'),(2599,'OishiPrawnCrackersSpicy5gx20/15','Oishi Prawn Crackers Spicy Small 20 /15','oishi-prawn-crackers-spicy-small-20-15',NULL,15,0,0,0,18.7880,17.0800,4,'',100,142,'2016-12-08 22:24:54','2016-12-08 22:24:59'),(2600,'BoogyManCrunch5gx20/15','Boogyman Crunch 20s /15','boogyman-crunch-20s-15',NULL,75,0,0,0,18.7880,17.0800,4,'',100,142,'2016-12-08 22:24:54','2016-12-08 22:24:59'),(2601,'OishiCrispyPatata5gx20/15','Oishi Crispy Patata 20s /15','oishi-crispy-patata-20s-15',NULL,60,0,0,0,18.7880,17.0800,4,'',100,142,'2016-12-08 22:24:54','2016-12-08 22:24:59'),(2602,'OishiKireiYummyFlakesShrimp5sx20/15','Oishi Kirei Yummy Flakes Shrimp 20s /15','oishi-kirei-yummy-flakes-shrimp-20s-15',NULL,90,0,0,0,18.7880,17.0800,4,'',100,142,'2016-12-08 22:24:54','2016-12-08 22:24:59'),(2603,'OishiOnionRings5sx20/15','Oishi Onion Rings 20s /15','oishi-onion-rings-20s-15',NULL,60,0,0,0,18.7880,17.0800,4,'',100,142,'2016-12-08 22:24:54','2016-12-08 22:24:59'),(2604,'OishiPotatoFriesPlainSalted5sx20/15','Oishi Potato Fries Plain Salted 20s /15','oishi-potato-fries-plain-salted-20s-15',NULL,45,0,0,0,18.7880,17.0800,4,'',100,142,'2016-12-08 22:24:54','2016-12-08 22:24:59'),(2605,'OishiRibbedCracklinsSaltandVinegar5gx20/15','Oishi Ribbed Cracklin Salt & Vinegar 20s /15','oishi-ribbed-cracklin-salt-vinegar-20s-15',NULL,45,0,0,0,18.7880,17.0800,4,'',100,142,'2016-12-08 22:24:54','2016-12-08 22:24:59'),(2606,'OishiRinbeeCheeseSticks5gx20/15','Oishi Rinbee Cheese Sticks 20s /15','oishi-rinbee-cheese-sticks-20s-15',NULL,105,0,0,0,18.7880,17.0800,4,'',100,142,'2016-12-08 22:24:54','2016-12-08 22:24:59'),(2607,'OishiFishCrackers5gx20/15','Oishi Fish Crackers 20s /15','oishi-fish-crackers-20s-15',NULL,60,0,0,0,18.7880,17.0800,4,'',100,142,'2016-12-08 22:24:54','2016-12-08 22:24:59'),(2608,'ChocoFlakes5gx20/15','Choco Flakes 20s /15','choco-flakes-20s-15',NULL,45,0,0,0,18.7880,17.0800,4,'',100,142,'2016-12-08 22:24:54','2016-12-08 22:24:59'),(2609,'ChuckieChocolateDrink180ml4s/8','Chuckie Chocolate Drink 180ml 4s /8','chuckie-chocolate-drink-180ml-4s-8',NULL,40,0,0,0,79.8820,72.6200,4,'',100,209,'2016-12-08 22:24:54','2016-12-08 22:24:59'),(2610,'Taquitosbbq/100','Taquitos Bbq /100','taquitos-bbq-100',NULL,0,0,0,0,5.7090,5.1900,4,'',100,102,'2016-12-08 22:24:54','2016-12-08 22:24:54'),(2611,'Plusgrapes','Plus Grapes 200ml/10','plus-grapes-200ml-10',NULL,0,0,0,0,5.5000,5.0000,4,NULL,100,328,'2016-12-08 22:24:54','2016-12-08 22:24:54'),(2612,'Plusapple','Plus Apple 200ml/10','plus-apple-200ml-10',NULL,0,0,0,0,5.5000,5.0000,4,NULL,100,328,'2016-12-08 22:24:54','2016-12-08 22:24:54'),(2613,'Peeweesizzlingbbq60g/50','Peewee Sizzling Bbq 60g /50','peewee-sizzling-bbq-60g-50',NULL,3,0,0,0,9.7350,8.8500,4,'',100,407,'2016-12-08 22:24:54','2016-12-08 22:24:59'),(2614,'Peeweepizzasumpreme60g/50','Peewee Pizza Supreme 60g /50','peewee-pizza-supreme-60g-50',NULL,0,0,0,0,9.7350,8.8500,4,'',100,407,'2016-12-08 22:24:54','2016-12-08 22:24:54'),(2615,'Cheezitcheezyflavoredcrackers60g/50','Cheez It Cheezy Flavored Crackers 60g /50','cheez-it-cheezy-flavored-crackers-60g-50',NULL,67,0,0,0,9.7350,8.8500,4,'',100,407,'2016-12-08 22:24:54','2016-12-08 22:24:59'),(2616,'MobyCrunchyCaramel60g/50','Moby Crunchy Caramel 60g /50','moby-crunchy-caramel-60g-50',NULL,56,0,0,0,9.7350,8.8500,4,'',100,407,'2016-12-08 22:24:54','2016-12-08 22:24:59'),(2617,'MobyCrunchyChocolate60g/50','Moby Crunchy Chocolate 60g /50','moby-crunchy-chocolate-60g-50',NULL,65,0,0,0,9.7350,8.8500,4,'',100,407,'2016-12-08 22:24:54','2016-12-08 22:24:59'),(2618,'Ri-cheeCrunchyMilk60g/50','Ri-chee Crunchy Milk 60g /50','ri-chee-crunchy-milk-60g-50',NULL,55,0,0,0,9.7350,8.8500,4,'',100,407,'2016-12-08 22:24:54','2016-12-08 22:24:59'),(2619,'Del Monte Pineapplebonesmart5+1Promo6s /4','Del Monte Pineapple Bone Smart 5+1 Promo 6s /4','del-monte-pineapple-bone-smart-5-1-promo-6s-4',NULL,0,0,0,0,131.2080,119.2800,4,NULL,100,17,'2016-12-08 22:24:54','2016-12-08 22:24:54'),(2620,'OishiPrawnCrackers95g/30','Oishi Prawn Crackers 95g /30','oishi-prawn-crackers-95g-30',NULL,2,0,0,0,16.7750,15.2500,4,'',100,142,'2016-12-08 22:24:54','2016-12-08 22:24:59'),(2621,'OishiPrawnCrackersSpicy95g/30','Oishi Prawn Crackers Spicy 95g /30','oishi-prawn-crackers-spicy-95g-30',NULL,55,0,0,0,16.7750,15.2500,4,'',100,142,'2016-12-08 22:24:54','2016-12-08 22:24:59'),(2622,'DoubleCups10s/24','Double Cups/240','double-cups-240',NULL,100,0,0,0,7.2270,6.5700,4,'',100,325,'2016-12-08 22:24:54','2016-12-08 22:24:59'),(2623,'78C','Kopiko 78C /24','kopiko-78c-24',NULL,6,0,0,0,17.3250,15.7500,4,'',100,325,'2016-12-08 22:24:54','2016-12-08 22:24:59'),(2624,'HomiHotBeef6+1/12','Homi Hot Beef 6+1 /12','homi-hot-beef-6-1-12',NULL,0,0,0,0,45.0560,40.9600,4,NULL,100,342,'2016-12-08 22:24:54','2016-12-08 22:24:54'),(2625,'HomiBeef6+1/12','Homi Beef 6+1 /12','homi-beef-6-1-12',NULL,0,0,0,0,45.0560,40.9600,4,NULL,100,342,'2016-12-08 22:24:54','2016-12-08 22:24:54'),(2626,'Loadedwhitechocolate65g/50','Loaded White Chocolate 65g /50','loaded-white-chocolate-65g-50',NULL,159,0,0,0,10.4610,9.5100,4,'',100,407,'2016-12-08 22:24:54','2016-12-08 22:24:59'),(2627,'GreatTasteWhite3in1TwinPack5s/48','Great Taste White 3in1 Twin Pack 5s /240','great-taste-white-3in1-twin-pack-5s-240',NULL,225,0,0,0,9.7570,8.8700,4,'',100,102,'2016-12-08 22:24:54','2016-12-08 22:24:59'),(2628,'SummitMineralWater500ml/24','Summit Mineral Water 500ml /24','summit-mineral-water-500ml-24',NULL,96,0,0,0,9.8230,8.9300,4,'',100,14,'2016-12-08 22:24:54','2016-12-08 22:24:59'),(2629,'Quakeoverloadasstd','Quake Overload Asst 12s /10','quake-overload-asst-12s-10',NULL,0,0,0,0,72.9520,66.3200,4,'',100,102,'2016-12-08 22:24:54','2016-12-08 22:24:54'),(2630,'Nescafe3in1Creamywhitetwinpack','Nescafe Creamy White Twin Pack 8s /192','nescafe-creamy-white-twin-pack-8s-192',NULL,32,0,0,0,10.0320,9.1200,4,'',100,209,'2016-12-08 22:24:54','2016-12-08 22:24:59'),(2631,'Nescafe3in1BrownandCreamy','Nescafe Brown & Creamy Twin Pack 8s /192','nescafe-brown-creamy-twin-pack-8s-192',NULL,136,0,0,0,10.0320,9.1200,4,'',100,209,'2016-12-08 22:24:54','2016-12-08 22:24:59'),(2632,'Nestlenesfrutaguyabano5+1/20','Nestle Nesfruta Guyabano/144','nestle-nesfruta-guyabano-144',NULL,60,0,0,0,9.8120,8.9200,4,'',100,209,'2016-12-08 22:24:54','2016-12-08 22:24:59'),(2633,'BearBrandSterilized200ml3+1promo4s/8','Bear Brand Sterilized 200ml 3+1 Promo 4s /8','bear-brand-sterilized-200ml-3-1-promo-4s-8',NULL,0,0,0,0,76.0980,69.1800,4,'',100,209,'2016-12-08 22:24:54','2016-12-08 22:24:54'),(2634,'CheezIthamandcheeseFlavoredCrackers60g/50','Cheez It Ham and Cheese Flavored Crackers 60g /50','cheez-it-ham-and-cheese-flavored-crackers-60g-50',NULL,8,0,0,0,9.2620,8.4200,4,'',100,407,'2016-12-08 22:24:54','2016-12-08 22:24:59'),(2635,'LuckyMePancitCantonOriginal80g/72','Lucky Me Pancit Canton Original 80g /72','lucky-me-pancit-canton-original-80g-72',NULL,351,0,0,0,11.5500,10.5000,4,'',100,18,'2016-12-08 22:24:54','2016-12-08 22:24:59'),(2636,'LuckyMePancitCantonChilimansi80g/72','Lucky Me Pancit Canton Chilimansi 80g /72','lucky-me-pancit-canton-chilimansi-80g-72',NULL,730,0,0,0,11.5500,10.5000,4,'',100,18,'2016-12-08 22:24:54','2016-12-08 22:24:59'),(2637,'LuckyMePancitCantonExtraHot80g/72','Lucky Me Pancit Canton Extra Hot 80g /72','lucky-me-pancit-canton-extra-hot-80g-72',NULL,538,0,0,0,11.5500,10.5000,4,'',100,18,'2016-12-08 22:24:54','2016-12-08 22:24:59'),(2638,'LuckyMePancitCantonKalamansi80g/72','Lucky Me Pancit Canton Kalamansi 80g /72','lucky-me-pancit-canton-kalamansi-80g-72',NULL,593,0,0,0,11.5500,10.5000,4,'',100,18,'2016-12-08 22:24:54','2016-12-08 22:24:59'),(2639,'LuckyMePancitCantonSweetandSpicy80g/72','Lucky Me Pancit Canton Sweet and Spicy 80g /72','lucky-me-pancit-canton-sweet-and-spicy-80g-72',NULL,422,0,0,0,11.5500,10.5000,4,'',100,18,'2016-12-08 22:24:54','2016-12-08 22:24:59'),(2640,'Nescafe3in1CocoMocha30s/8','Nescafe 3in1 Coco Mocha 30s /8','nescafe-3in1-coco-mocha-30s-8',NULL,6,0,0,0,197.3400,179.4000,4,'',100,209,'2016-12-08 22:24:54','2016-12-08 22:24:59'),(2641,'QuakeBarsMudCake10s/14','Quake Bars Mud Cake 10s /14','quake-bars-mud-cake-10s-14',NULL,0,0,0,0,61.6000,56.0000,4,'',100,102,'2016-12-08 22:24:54','2016-12-08 22:24:54'),(2642,'NesteaAppleLitroPack/144','Nestea Apple Litro Pack /144','nestea-apple-litro-pack-144',NULL,0,0,0,0,9.9000,9.0000,4,'',100,209,'2016-12-08 22:24:54','2016-12-08 22:24:54'),(2643,'BearBrandSterilized140ml/96','Bear Brand Sterilized 140ml /96','bear-brand-sterilized-140ml-96',NULL,91,0,0,0,21.5930,19.6300,4,'',100,209,'2016-12-08 22:24:54','2016-12-08 22:24:59'),(2644,'AbsoluteDistilledWater1.5L/12','Absolute Distilled Water 1.5L /12','absolute-distilled-water-1-5l-12',NULL,24,0,0,0,27.1040,24.6400,4,'',100,14,'2016-12-08 22:24:54','2016-12-08 22:24:59'),(2645,'NesteaCranberryLitroPack/144','Nestea Cranberry Litro Pack /144','nestea-cranberry-litro-pack-144',NULL,24,0,0,0,9.9000,9.0000,4,'',100,209,'2016-12-08 22:24:54','2016-12-08 22:24:59'),(2646,'EmperadorLights350ml/20','Emperador Lights 350ml /20','emperador-lights-350ml-20',NULL,0,0,0,0,46.0900,41.9000,4,'',100,19,'2016-12-08 22:24:54','2016-12-08 22:24:54'),(2647,'NesteaKiwiLitroPack/144','Nestea Kiwi Litro Pack /144','nestea-kiwi-litro-pack-144',NULL,24,0,0,0,9.9000,9.0000,4,'',100,209,'2016-12-08 22:24:54','2016-12-08 22:24:59'),(2648,'NimbleMilkChocolate20s/15','Nimble Milk Chocolate 20s /15','nimble-milk-chocolate-20s-15',NULL,39,0,0,0,19.0960,17.3600,4,'',100,407,'2016-12-08 22:24:54','2016-12-08 22:24:59'),(2649,'ChocletsMilkChocolate20s/15','Choclets Milk Chocolate 20s /15','choclets-milk-chocolate-20s-15',NULL,19,0,0,0,19.0960,17.3600,4,'',100,407,'2016-12-08 22:24:54','2016-12-08 22:24:59'),(2650,'GotchaChocoMalt20s/15','Gotcha Choco Malt 20s /15','gotcha-choco-malt-20s-15',NULL,4,0,0,0,19.0960,17.3600,4,'',100,407,'2016-12-08 22:24:54','2016-12-08 22:24:59'),(2651,'GotchaChocolate20s/15','Gotcha Chocolate 20s / 15','gotcha-chocolate-20s-15',NULL,4,0,0,0,19.0960,17.3600,4,'',100,407,'2016-12-08 22:24:54','2016-12-08 22:24:59'),(2652,'KoolersApple220ml/10','Koolers Apple 220ml /10','koolers-apple-220ml-10',NULL,0,0,0,0,6.3470,5.7700,4,'',100,311,'2016-12-08 22:24:54','2016-12-08 22:24:54'),(2653,'KoolersIcedTea220ml/10','Koolers Iced Tea 220ml /10','koolers-iced-tea-220ml-10',NULL,20,0,0,0,6.3470,5.7700,4,'',100,311,'2016-12-08 22:24:54','2016-12-08 22:24:59'),(2654,'KoolersGrape220ml/10','Koolers Grape 220ml /10','koolers-grape-220ml-10',NULL,0,0,0,0,6.3470,5.7700,4,'',100,311,'2016-12-08 22:24:54','2016-12-08 22:24:54'),(2655,'JuigoGuava 200ml/10','Juigo Guava 200ml /10','juigo-guava-200ml-10',NULL,0,0,0,0,5.7750,5.2500,4,'',100,311,'2016-12-08 22:24:54','2016-12-08 22:24:54'),(2656,'JuigoBlueberry200ml/10','Juigo Blueberry 200ml /10','juigo-blueberry-200ml-10',NULL,0,0,0,0,5.7750,5.2500,4,'',100,311,'2016-12-08 22:24:54','2016-12-08 22:24:54'),(2657,'JuigoStrawberry200ml/10','Juigo Strawberry 200ml /10','juigo-strawberry-200ml-10',NULL,0,0,0,0,5.7750,5.2500,4,'',100,311,'2016-12-08 22:24:54','2016-12-08 22:24:54'),(2658,'NatureSpringApple350ml/40','Nature Spring Apple 350ml /40','nature-spring-apple-350ml-40',NULL,0,0,0,0,13.0020,11.8200,4,'',100,202,'2016-12-08 22:24:54','2016-12-08 22:24:54'),(2659,'NatureSpringCalamansi350ml/40','Nature Spring Calamansi 350ml /40','nature-spring-calamansi-350ml-40',NULL,0,0,0,0,13.0020,11.8200,4,'',100,202,'2016-12-08 22:24:54','2016-12-08 22:24:54'),(2660,'NatureSpringGrape350ml/40','Nature Spring Grape 350ml /40','nature-spring-grape-350ml-40',NULL,0,0,0,0,13.0020,11.8200,4,'',100,202,'2016-12-08 22:24:54','2016-12-08 22:24:54'),(2661,'HappyPeanuts20s/14','Happy Peanuts 20s /14','happy-peanuts-20s-14',NULL,0,0,0,0,19.4700,17.7000,4,'',100,327,'2016-12-08 22:24:54','2016-12-08 22:24:54'),(2662,'HappyNutsBbq20s/14','Happy Nuts Bbq 20s /14','happy-nuts-bbq-20s-14',NULL,4,0,0,0,19.4700,17.7000,4,'',100,327,'2016-12-08 22:24:54','2016-12-08 22:24:59'),(2663,'HappyNutsHandS20s/14','Happy Nuts H&S 20s /14','happy-nuts-h-s-20s-14',NULL,1,0,0,0,19.4700,17.7000,4,'',100,327,'2016-12-08 22:24:54','2016-12-08 22:24:59'),(2664,'DingDongPlain20s/10','Ding Dong Plain 20s /10','ding-dong-plain-20s-10',NULL,0,0,0,0,19.5250,17.7500,4,'',100,327,'2016-12-08 22:24:54','2016-12-08 22:24:54'),(2665,'DingDongHS20s/10','Ding Dong H&S 20s /10','ding-dong-h-s-20s-10',NULL,33,0,0,0,19.5250,17.7500,4,'',100,327,'2016-12-08 22:24:54','2016-12-08 22:24:59'),(2666,'ChikitoBbq20s/10','Chikito Bbq 20s /10','chikito-bbq-20s-10',NULL,33,0,0,0,19.5250,17.7500,4,'',100,327,'2016-12-08 22:24:54','2016-12-08 22:24:59'),(2667,'ChikitoGarlic20s/10','Chikito Garlic 20s /10','chikito-garlic-20s-10',NULL,31,0,0,0,19.5250,17.7500,4,'',100,327,'2016-12-08 22:24:54','2016-12-08 22:24:59'),(2668,'ChikitoHS20s/10','Chikito H&S 20s /10','chikito-h-s-20s-10',NULL,8,0,0,0,19.5250,17.7500,4,'',100,327,'2016-12-08 22:24:54','2016-12-08 22:24:59'),(2669,'DragonSid20s/10','Dragon Sid 20s /10','dragon-sid-20s-10',NULL,0,0,0,0,19.5250,17.7500,4,'',100,327,'2016-12-08 22:24:54','2016-12-08 22:24:54'),(2670,'HihiCoatedNutsBbq20s/10','HiHi Coated Nuts Bbq 20s /10','hihi-coated-nuts-bbq-20s-10',NULL,19,0,0,0,19.5250,17.7500,4,'',100,327,'2016-12-08 22:24:54','2016-12-08 22:24:59'),(2671,'HiHoGarlic20s/10','HiHo Garlic 20s /10','hiho-garlic-20s-10',NULL,5,0,0,0,19.5250,17.7500,4,'',100,327,'2016-12-08 22:24:54','2016-12-08 22:24:59'),(2672,'Barnuts20s/20','Barnuts 20s /20','barnuts-20s-20',NULL,0,0,0,0,19.4040,17.6400,4,'',100,327,'2016-12-08 22:24:54','2016-12-08 22:24:54'),(2673,'MilkeePulvoron20s/20','Milkee Pulvoron 20s /20','milkee-pulvoron-20s-20',NULL,0,0,0,0,19.4040,17.6400,4,'',100,327,'2016-12-08 22:24:54','2016-12-08 22:24:54'),(2674,'StarrEucamint50s/60','Starr Eucamint 50s /60','starr-eucamint-50s-60',NULL,0,0,0,0,27.3020,24.8200,4,'',100,327,'2016-12-08 22:24:54','2016-12-08 22:24:54'),(2675,'StarrMelon50s/60','Starr Melon 50s /60','starr-melon-50s-60',NULL,4,0,0,0,27.3020,24.8200,4,'',100,327,'2016-12-08 22:24:54','2016-12-08 22:24:59'),(2676,'LippsStraw50s/60','Lipps Straw 50s /60','lipps-straw-50s-60',NULL,14,0,0,0,27.3020,24.8200,4,'',100,327,'2016-12-08 22:24:54','2016-12-08 22:24:59'),(2677,'LippsMango50s/60','Lipps Mango 50s /60','lipps-mango-50s-60',NULL,30,0,0,0,27.3020,24.8200,4,'',100,327,'2016-12-08 22:24:54','2016-12-08 22:24:59'),(2678,'LippsTamarind50s/60','Lipps Tamarind 50s /60','lipps-tamarind-50s-60',NULL,39,0,0,0,27.3020,24.8200,4,'',100,327,'2016-12-08 22:24:54','2016-12-08 22:24:59'),(2679,'ChubbyChoco20s/60','Chubby Choco 20s /60','chubby-choco-20s-60',NULL,26,0,0,0,19.4040,17.6400,4,'',100,327,'2016-12-08 22:24:54','2016-12-08 22:24:59'),(2680,'ChubbyMilk20s/60','Chubby Milk 20s /60','chubby-milk-20s-60',NULL,10,0,0,0,19.4040,17.6400,4,'',100,327,'2016-12-08 22:24:54','2016-12-08 22:24:59'),(2681,'Mr.Yema20s/60','Mr. Yema 20s /60','mr-yema-20s-60',NULL,36,0,0,0,18.9200,17.2000,4,'',100,327,'2016-12-08 22:24:54','2016-12-08 22:24:59'),(2682,'KoolersBlackGulaman220ml/10','Koolers Black Gulaman 220ml /10','koolers-black-gulaman-220ml-10',NULL,100,0,0,0,6.3470,5.7700,4,'',100,311,'2016-12-08 22:24:54','2016-12-08 22:24:59'),(2683,'KoolersBukoPandan220ml /10','Koolers Buko Pandan 220ml /10','koolers-buko-pandan-220ml-10',NULL,210,0,0,0,6.3470,5.7700,4,'',100,311,'2016-12-08 22:24:54','2016-12-08 22:24:59'),(2684,'KoolersOrange220ml /10','Koolers Orange 220ml /10','koolers-orange-220ml-10',NULL,0,0,0,0,6.3470,5.7700,4,'',100,311,'2016-12-08 22:24:54','2016-12-08 22:24:54'),(2685,'FruityFrostApple250ml/12','Fruity Frost Apple 250ml /12','fruity-frost-apple-250ml-12',NULL,36,0,0,0,8.4920,7.7200,4,'',100,311,'2016-12-08 22:24:54','2016-12-08 22:24:59'),(2686,'FruityFrostAppleIcedTea250ml/12','Fruity Frost Apple Iced Tea250ml /12','fruity-frost-apple-iced-tea250ml-12',NULL,12,0,0,0,8.4920,7.7200,4,'',100,311,'2016-12-08 22:24:54','2016-12-08 22:24:59'),(2687,'FruityFrostBlueBerry250ml/12','Fruity Frost Blueberry 250ml/ 12','fruity-frost-blueberry-250ml-12',NULL,12,0,0,0,8.4920,7.7200,4,'',100,311,'2016-12-08 22:24:54','2016-12-08 22:24:59'),(2688,'FruityFrostCitrus250ml/12','Fruity Frost Citrus 250ml /12','fruity-frost-citrus-250ml-12',NULL,0,0,0,0,8.4920,7.7200,4,'',100,311,'2016-12-08 22:24:54','2016-12-08 22:24:54'),(2689,'FruityFrostFourSeason250ml/12','Fruity Frost Four Season 250ml /12','fruity-frost-four-season-250ml-12',NULL,12,0,0,0,8.4920,7.7200,4,'',100,311,'2016-12-08 22:24:54','2016-12-08 22:24:59'),(2690,'Yanyancupcakechoco10s/10','YanYan Cupcake Choco 10s /10','yanyan-cupcake-choco-10s-10',NULL,0,0,0,0,56.0340,50.9400,4,'',100,311,'2016-12-08 22:24:54','2016-12-08 22:24:54'),(2691,'Yanyancupcakecheese10s/10','YanYan Cupcake Cheese 10s /10','yanyan-cupcake-cheese-10s-10',NULL,0,0,0,0,56.0340,50.9400,4,'',100,311,'2016-12-08 22:24:54','2016-12-08 22:24:54'),(2692,'KnickKnacksStrawberry28g/100','Knick Knacks Strawberry 28g/100','knick-knacks-strawberry-28g-100',NULL,40,0,0,0,6.3580,5.7800,4,'',100,311,'2016-12-08 22:24:54','2016-12-08 22:24:59'),(2693,'KnickKnacksMiniPretzel28g/100','Knick Knacks Mini Pretzel 28g/100','knick-knacks-mini-pretzel-28g-100',NULL,30,0,0,0,6.3690,5.7900,4,'',100,311,'2016-12-08 22:24:54','2016-12-08 22:24:59'),(2694,'CloverBbqSmall26g/100','Clover Bbq Small 26g /100','clover-bbq-small-26g-100',NULL,3,0,0,0,5.8850,5.3500,4,'',100,311,'2016-12-08 22:24:54','2016-12-08 22:24:59'),(2695,'CloverHamandcheeseSmall 22g/100','Clover Ham & Cheese Small 22g /100','clover-ham-cheese-small-22g-100',NULL,1,0,0,0,5.8850,5.3500,4,'',100,311,'2016-12-08 22:24:54','2016-12-08 22:24:59'),(2696,'NesteaApple500ml/24','Nestea Apple 500ml /24','nestea-apple-500ml-24',NULL,0,0,0,0,20.2180,18.3800,4,'',100,14,'2016-12-08 22:24:54','2016-12-08 22:24:54'),(2697,'NesteaLemon500ml/24','Nestea Lemon 500ml /24','nestea-lemon-500ml-24',NULL,0,0,0,0,20.2180,18.3800,4,'',100,14,'2016-12-08 22:24:54','2016-12-08 22:24:54'),(2698,'SpinFruity50g/12','Spin Fruity 50g /12','spin-fruity-50g-12',NULL,0,0,0,0,114.1030,103.7300,4,'',100,102,'2016-12-08 22:24:54','2016-12-08 22:24:54'),(2699,'SpinFruity10g/24','Spin Fruity 10g /24','spin-fruity-10g-24',NULL,0,0,0,0,33.4180,30.3800,4,'',100,102,'2016-12-08 22:24:54','2016-12-08 22:24:54'),(2700,'TangPineappleLitroPack/144','Tang Pineapple Litro Pack /144','tang-pineapple-litro-pack-144',NULL,108,0,0,0,9.8560,8.9600,4,'',100,357,'2016-12-08 22:24:54','2016-12-08 22:24:59'),(2701,'TangMangoLitroPack/144','Tang Mango Litro Pack /144','tang-mango-litro-pack-144',NULL,108,0,0,0,9.8560,8.9600,4,'',100,357,'2016-12-08 22:24:54','2016-12-08 22:24:59'),(2702,'RoyalMismo/12','Royal Mismo /12','royal-mismo-12',NULL,0,0,0,0,10.3950,9.4500,4,'',100,315,'2016-12-08 22:24:54','2016-12-08 22:24:54'),(2703,'SpriteMismo/12','Sprite Mismo /12','sprite-mismo-12',NULL,0,0,0,0,10.3950,9.4500,4,'',100,315,'2016-12-08 22:24:54','2016-12-08 22:24:54'),(2704,'Potchigummywormjar','Potchi Gummy Worm Jar/12','potchi-gummy-worm-jar-12',NULL,0,0,0,0,75.0750,68.2500,4,'',100,619,'2016-12-08 22:24:54','2016-12-08 22:24:54'),(2705,'Frutos','Frutos 50s/40','frutos-50s-40',NULL,81,0,0,0,26.5650,24.1500,4,'',100,619,'2016-12-08 22:24:54','2016-12-08 22:24:59'),(2706,'Frootyrainbowpop','Frooty Rainbow Pop 25s/40','frooty-rainbow-pop-25s-40',NULL,20,0,0,0,26.3340,23.9400,4,'',100,619,'2016-12-08 22:24:54','2016-12-08 22:24:59'),(2707,'Potchistrawberrycream','Potchi Strawberry Cream 50s/40','potchi-strawberry-cream-50s-40',NULL,47,0,0,0,25.9930,23.6300,4,'',100,619,'2016-12-08 22:24:54','2016-12-08 22:24:59'),(2708,'Frutostropicalfruits','Frutos Tropical Fruits 50s/40','frutos-tropical-fruits-50s-40',NULL,46,0,0,0,26.5650,24.1500,4,'',100,619,'2016-12-08 22:24:54','2016-12-08 22:24:59'),(2709,'Monamistrawberryandcream','Mon\'ami Strawberry & Cream 50s/40','mon-ami-strawberry-cream-50s-40',NULL,34,0,0,0,26.5650,24.1500,4,'',100,619,'2016-12-08 22:24:54','2016-12-08 22:24:59'),(2710,'Champi','Champi 50s/40','champi-50s-40',NULL,59,0,0,0,28.8750,26.2500,4,'',100,619,'2016-12-08 22:24:54','2016-12-08 22:24:59'),(2711,'Icoolmentholatedgum','Icool Mentholated Gum 50s/40','icool-mentholated-gum-50s-40',NULL,55,0,0,0,30.6130,27.8300,4,'',100,619,'2016-12-08 22:24:54','2016-12-08 22:24:59'),(2712,'Vfresh','V-Fresh 50s/40','v-fresh-50s-40',NULL,74,0,0,0,30.6130,27.8300,4,'',100,619,'2016-12-08 22:24:54','2016-12-08 22:24:59'),(2713,'Butterkist','Butterkist 50s/40','butterkist-50s-40',NULL,16,0,0,0,27.7200,25.2000,4,'',100,619,'2016-12-08 22:24:54','2016-12-08 22:24:59'),(2714,'Frootychocopop','Frooty Choco Pop 25s/40','frooty-choco-pop-25s-40',NULL,36,0,0,0,24.9480,22.6800,4,'',100,619,'2016-12-08 22:24:54','2016-12-08 22:24:59'),(2715,'Potchigummybear','Potchi Gummy Bear 50s/40','potchi-gummy-bear-50s-40',NULL,0,0,0,0,25.9930,23.6300,4,'',100,619,'2016-12-08 22:24:54','2016-12-08 22:24:54'),(2716,'RichocoChocowafer/60','Richoco Choco Wafer /60','richoco-choco-wafer-60',NULL,75,0,0,0,9.7350,8.8500,4,'',100,423,'2016-12-08 22:24:54','2016-12-08 22:24:59'),(2717,'Greattastelatteicedcoffeedrink/24','Great Taste Latte Iced Coffee Drink /24','great-taste-latte-iced-coffee-drink-24',NULL,0,0,0,0,14.3550,13.0500,4,'',100,102,'2016-12-08 22:24:54','2016-12-08 22:24:54'),(2718,'Greattastedarkjavaicedcoffeedrink/24','Great Taste Dark Java Iced Coffee Drink /24','great-taste-dark-java-iced-coffee-drink-24',NULL,0,0,0,0,14.3550,13.0500,4,'',100,102,'2016-12-08 22:24:54','2016-12-08 22:24:54'),(2719,'Chippytwistertacoandspicebig/50','Chippy Twister Taco and Spice Big /50','chippy-twister-taco-and-spice-big-50',NULL,1,0,0,0,22.7150,20.6500,4,'',100,102,'2016-12-08 22:24:54','2016-12-08 22:24:59'),(2720,'Greattastebrown3in1twinpack/240','Great Taste Brown 3in1 Twin Pack /240','great-taste-brown-3in1-twin-pack-240',NULL,0,0,0,0,8.1950,7.4500,4,'',100,102,'2016-12-08 22:24:54','2016-12-08 22:24:54'),(2721,'EmperadorBrandy750ml/12','Emperador Brandy 750ml /12','emperador-brandy-750ml-12',NULL,0,0,0,0,92.1140,83.7400,4,'',100,19,'2016-12-08 22:24:54','2016-12-08 22:24:54'),(2722,'HaciendaUno330ml/24','Hacienda Uno 330ml /24','hacienda-uno-330ml-24',NULL,16,0,0,0,43.3180,39.3800,4,'',100,19,'2016-12-08 22:24:54','2016-12-08 22:24:59'),(2723,'NesteaLemonIced350ml/24','Nestea Lemon Iced 350ml /24','nestea-lemon-iced-350ml-24',NULL,0,0,0,0,15.6420,14.2200,4,'',100,14,'2016-12-08 22:24:54','2016-12-08 22:24:54'),(2724,'TangMelonLitroPack/144','Tang Melon Litro Pack /144','tang-melon-litro-pack-144',NULL,0,0,0,0,10.1750,9.2500,4,'',100,357,'2016-12-08 22:24:54','2016-12-08 22:24:54'),(2725,'NatureSpringIcedTea350ml/40','Nature Spring Iced Tea 350ml /40','nature-spring-iced-tea-350ml-40',NULL,40,0,0,0,15.3120,13.9200,4,'',100,202,'2016-12-08 22:24:54','2016-12-08 22:24:59'),(2726,'NatureSpringMelon350ml/40','NatureSpringMelon350ml/40','naturespringmelon350ml-40',NULL,0,0,0,0,13.0020,11.8200,4,'',100,202,'2016-12-08 22:24:54','2016-12-08 22:24:54'),(2727,'chunkeewhitechocopie','Chunkee White Choco 10s/20','chunkee-white-choco-10s-20',NULL,20,0,0,0,63.7010,57.9100,4,'',100,327,'2016-12-08 22:24:54','2016-12-08 22:24:59'),(2728,'hihosweetchili','Hiho Sweet Chili 20s/10','hiho-sweet-chili-20s-10',NULL,10,0,0,0,19.5250,17.7500,4,'',100,327,'2016-12-08 22:24:54','2016-12-08 22:24:59'),(2729,'happytimeassorted','Happy Time Assorted 1.5kg','happy-time-assorted-1-5kg',NULL,1,0,0,0,246.4990,224.0900,4,'',100,18,'2016-12-08 22:24:54','2016-12-08 22:24:59'),(2730,'fruityfrostorange250ml','Fruity Frost Orange 250ml/12','fruity-frost-orange-250ml-12',NULL,24,0,0,0,8.4920,7.7200,4,'',100,311,'2016-12-08 22:24:54','2016-12-08 22:24:59'),(2731,'nescafeblendandbrew','Nescafe Blend & Brew Orig 36s/12','nescafe-blend-brew-orig-36s-12',NULL,2,0,0,0,207.9000,189.0000,4,'',100,209,'2016-12-08 22:24:54','2016-12-08 22:24:59'),(2732,'blendnbrewsilky','Nescafe Blend & Brew Silky Roast 30s/8','nescafe-blend-brew-silky-roast-30s-8',NULL,6,0,0,0,173.2610,157.5100,4,'',100,209,'2016-12-08 22:24:54','2016-12-08 22:24:59'),(2733,'blendnbrewsilkyroast','Nescafe Blend & Brew Silky Roast 10s/240','nescafe-blend-brew-silky-roast-10s-240',NULL,90,0,0,0,5.7860,5.2600,4,'',100,209,'2016-12-08 22:24:54','2016-12-08 22:24:59'),(2734,'bbswakpromo','Bear Brand Swak Promo 13+1 4s/8','bear-brand-swak-promo-13-1-4s-8',NULL,21,0,0,0,163.8230,148.9300,4,'',100,209,'2016-12-08 22:24:54','2016-12-08 22:24:59'),(2735,'wafuchoco40g','Wafu  Wafer Choco 40g/50','wafu-wafer-choco-40g-50',NULL,50,0,0,0,9.0750,8.2500,4,'',100,142,'2016-12-08 22:24:54','2016-12-08 22:24:59'),(2736,'wafulechenflan40g','Wafu Wafer Leche Flan 40g/50','wafu-wafer-leche-flan-40g-50',NULL,0,0,0,0,9.0750,8.2500,4,'',100,142,'2016-12-08 22:24:54','2016-12-08 22:24:54'),(2737,'wafucheese40g','Wafu Wafer Cheese 40g/50','wafu-wafer-cheese-40g-50',NULL,50,0,0,0,9.0750,8.2500,4,'',100,142,'2016-12-08 22:24:54','2016-12-08 22:24:59'),(2738,'milkeecookiesncream','Milkee Cookies & Cream 20s/20','milkee-cookies-cream-20s-20',NULL,0,0,0,0,19.4040,17.6400,4,'',100,327,'2016-12-08 22:24:54','2016-12-08 22:24:54'),(2739,'hanselchoco','Hansel Choco 10s/40','hansel-choco-10s-40',NULL,8,0,0,0,48.5100,44.1000,4,'',100,327,'2016-12-08 22:24:54','2016-12-08 22:24:59'),(2740,'chuckie110mlpromo','Chuckie Promo 110ml 10s/6','chuckie-promo-110ml-10s-6',NULL,0,0,0,0,107.9540,98.1400,4,'',100,209,'2016-12-08 22:24:54','2016-12-08 22:24:54'),(2741,'honeybutter','Rebisco Honey Butter 10s/20','rebisco-honey-butter-10s-20',NULL,0,0,0,0,48.5100,44.1000,4,'',100,327,'2016-12-08 22:24:54','2016-12-08 22:24:54'),(2742,'tsupapple','Yummy Tsuptsup Apple 235ml/12','yummy-tsuptsup-apple-235ml-12',NULL,48,0,0,0,5.6100,5.1000,4,'',100,311,'2016-12-08 22:24:54','2016-12-08 22:24:59'),(2743,'tsuptsupmango','Yummy Tsuptsup Mango 235ml/12','yummy-tsuptsup-mango-235ml-12',NULL,84,0,0,0,5.6100,5.1000,4,'',100,311,'2016-12-08 22:24:54','2016-12-08 22:24:59'),(2744,'tsuptsuppineapple','Yummy Tsuptsup Pineapple 235ml/12','yummy-tsuptsup-pineapple-235ml-12',NULL,60,0,0,0,5.6100,5.1000,4,'',100,311,'2016-12-08 22:24:54','2016-12-08 22:24:59'),(2745,'tsuptsuporange','Yummy Tsuptsup Orange 235ml/12','yummy-tsuptsup-orange-235ml-12',NULL,60,0,0,0,5.6100,5.1000,4,'',100,311,'2016-12-08 22:24:54','2016-12-08 22:24:59'),(2746,'tsuptsupstrawberry','Yummy Tsuptsup Strawberry 235ml/12','yummy-tsuptsup-strawberry-235ml-12',NULL,84,0,0,0,5.6100,5.1000,4,'',100,311,'2016-12-08 22:24:54','2016-12-08 22:24:59'),(2747,'gttwinpckpromo','Great Taste Twin Pack 12+3/16','great-taste-twin-pack-12-3-16',NULL,0,0,0,0,115.6430,105.1300,4,'',100,102,'2016-12-08 22:24:54','2016-12-08 22:24:54'),(2748,'blendnbrewsingle','Nescafe Blend & Brew Orig 12s/528','nescafe-blend-brew-orig-12s-528',NULL,336,0,0,0,5.7750,5.2500,4,'',100,209,'2016-12-08 22:24:54','2016-12-08 22:24:59'),(2749,'oklakiorange','OK Laki Orange 250ml/10','ok-laki-orange-250ml-10',NULL,950,0,0,0,5.1700,4.7000,4,'',100,328,'2016-12-08 22:24:54','2016-12-08 22:24:59'),(2750,'oklakigrapes','OK Laki Grapes 250ml/10','ok-laki-grapes-250ml-10',NULL,0,0,0,0,5.1700,4.7000,4,'',100,328,'2016-12-08 22:24:54','2016-12-08 22:24:54'),(2751,'oklakiapple','OK Laki Apple 250ml/10','ok-laki-apple-250ml-10',NULL,540,0,0,0,5.1700,4.7000,4,'',100,328,'2016-12-08 22:24:54','2016-12-08 22:24:59'),(2752,'choc0tawa','Zesto Choc-o Twa 110ml/10','zesto-choc-o-twa-110ml-10',NULL,0,0,0,0,12.1000,11.0000,4,'',100,328,'2016-12-08 22:24:54','2016-12-08 22:24:54'),(2753,'chocomocha','Zesto Choc-O Mocha 200ml/10','zesto-choc-o-mocha-200ml-10',NULL,0,0,0,0,15.6750,14.2500,4,'',100,328,'2016-12-08 22:24:54','2016-12-08 22:24:54'),(2754,'chocodoubledutch','Zesto Choc-O Double Dutch 200ml/10','zesto-choc-o-double-dutch-200ml-10',NULL,0,0,0,0,15.6750,14.2500,4,'',100,328,'2016-12-08 22:24:54','2016-12-08 22:24:54'),(2755,'absolute4L','Absolute Distilled Water 4L/4','absolute-distilled-water-4l-4',NULL,12,0,0,0,52.2060,47.4600,4,'',100,14,'2016-12-08 22:24:54','2016-12-08 22:24:59'),(2756,'kopikobrowntwinpck','Kopiko Brown Twin Pack/120','kopiko-brown-twin-pack-120',NULL,0,0,0,0,10.0540,9.1400,4,'',100,325,'2016-12-08 22:24:54','2016-12-08 22:24:54'),(2757,'absolute2L','Absolute Distilled Water 2L/6','absolute-distilled-water-2l-6',NULL,18,0,0,0,32.4940,29.5400,4,'',100,14,'2016-12-08 22:24:54','2016-12-08 22:24:59'),(2758,'ramenspicyhotbeef','Ramen Spicy Hot Beef/72','ramen-spicy-hot-beef-72',NULL,0,0,0,0,10.6810,9.7100,4,'',100,102,'2016-12-08 22:24:54','2016-12-08 22:24:54'),(2759,'twinastig','Kopiko Astig Twin Pack/120','kopiko-astig-twin-pack-120',NULL,20,0,0,0,8.5470,7.7700,4,'',100,325,'2016-12-08 22:24:54','2016-12-08 22:24:59'),(2760,'potatolabcheesesm','Potato Lab Wavy Cheese Small/100','potato-lab-wavy-cheese-small-100',NULL,0,0,0,0,4.4550,4.0500,4,'',100,102,'2016-12-08 22:24:54','2016-12-08 22:24:54'),(2761,'potatolabbbqsm','Potato Lab Curls BBQ Small/100','potato-lab-curls-bbq-small-100',NULL,0,0,0,0,4.4550,4.0500,4,'',100,102,'2016-12-08 22:24:54','2016-12-08 22:24:54'),(2762,'richocowafer10s','Richoco Wafer 10s/20','richoco-wafer-10s-20',NULL,0,0,0,0,48.3670,43.9700,4,'',100,423,'2016-12-08 22:24:54','2016-12-08 22:24:54'),(2763,'blancatwinpck','Kopiko Cafe Blanca Twin Pack/120','kopiko-cafe-blanca-twin-pack-120',NULL,0,0,0,0,10.2850,9.3500,4,'',100,325,'2016-12-08 22:24:54','2016-12-08 22:24:54'),(2764,'Tsuptsupicetea','Yummy Tsuptsup Ice tea 235ml/12','yummy-tsuptsup-ice-tea-235ml-12',NULL,72,0,0,0,5.6650,5.1500,4,'',100,311,'2016-12-08 22:24:54','2016-12-08 22:24:59'),(2765,'nesteaapple5+1','Nestea Apple Litro Pack 5+1/24','nestea-apple-litro-pack-5-1-24',NULL,0,0,0,0,49.5220,45.0200,4,'',100,209,'2016-12-08 22:24:54','2016-12-08 22:24:54'),(2766,'nestealemon5+1','Nestea Lemon Litro Pack 5+1/24','nestea-lemon-litro-pack-5-1-24',NULL,0,0,0,0,49.5220,45.0200,4,'',100,209,'2016-12-08 22:24:54','2016-12-08 22:24:54'),(2767,'nesteahoneyblend5+1','Nestea Honey Blend Litro Pack 5+1/24','nestea-honey-blend-litro-pack-5-1-24',NULL,6,0,0,0,49.5220,45.0200,4,'',100,209,'2016-12-08 22:24:54','2016-12-08 22:24:59'),(2768,'butterscotch','Gardenia Amazing Butterscotch Loaf 400g','gardenia-amazing-butterscotch-loaf-400g',NULL,10,0,0,0,79.2000,72.0000,4,'',100,647,'2016-12-08 22:24:54','2016-12-08 22:24:59'),(2769,'gardeniaclaswhitebread400g','Gardenia Classic White Bread 400g','gardenia-classic-white-bread-400g',NULL,10,0,0,0,50.3250,45.7500,4,'',100,647,'2016-12-08 22:24:54','2016-12-08 22:24:59'),(2770,'gardeniaclaswhitebread600g','Gardenia Classic White Bread 600g','gardenia-classic-white-bread-600g',NULL,10,0,0,0,66.5500,60.5000,4,'',100,647,'2016-12-08 22:24:54','2016-12-08 22:24:59'),(2771,'gardeniahighfiberwheatbread400g','Gardenia High Fiber Wheat Bread 400g','gardenia-high-fiber-wheat-bread-400g',NULL,10,0,0,0,60.5000,55.0000,4,'',100,647,'2016-12-08 22:24:54','2016-12-08 22:24:59'),(2772,'gardeniahighfiberwheatraisinloaf400g','Gardenia High Fiber Wheat Raisin Loaf 400g','gardenia-high-fiber-wheat-raisin-loaf-400g',NULL,10,0,0,0,71.5000,65.0000,4,'',100,647,'2016-12-08 22:24:54','2016-12-08 22:24:59'),(2773,'gardeniaubeandcheese','Gardenia Double Delights(Ube & Cheese) 400g','gardenia-double-delights-ube-cheese-400g',NULL,10,0,0,0,68.2000,62.0000,4,'',100,647,'2016-12-08 22:24:54','2016-12-08 22:24:59'),(2774,'gardeniaamazingblackforest','Gardenia Amazing Black Forest 400g','gardenia-amazing-black-forest-400g',NULL,10,0,0,0,79.2000,72.0000,4,'',100,647,'2016-12-08 22:24:54','2016-12-08 22:24:59'),(2775,'gardeniachocofilledbun','Gardenia Chocolate Filled Buns 80g','gardenia-chocolate-filled-buns-80g',NULL,10,0,0,0,16.2250,14.7500,4,'',100,647,'2016-12-08 22:24:54','2016-12-08 22:24:59'),(2776,'gardeniaubefilledbun','Gardenia Ube Filled Buns 80g','gardenia-ube-filled-buns-80g',NULL,10,0,0,0,16.2250,14.7500,4,'',100,647,'2016-12-08 22:24:54','2016-12-08 22:24:59'),(2777,'gardeniaoeachmangofunbun','Gardenia Peach Mango Fiun Bun 80g','gardenia-peach-mango-fiun-bun-80g',NULL,10,0,0,0,16.2250,14.7500,4,'',100,647,'2016-12-08 22:24:54','2016-12-08 22:24:59'),(2778,'gardeniabuttertoast2slice','Gardenia Butter Toast 2-Slice Pack(Single)','gardenia-butter-toast-2-slice-pack-single',NULL,10,0,0,0,10.0100,9.1000,4,'',100,647,'2016-12-08 22:24:54','2016-12-08 22:24:59'),(2779,'gardeniagarlictoast','Gardenia Garlic Toast 5-Slice Pack 110g','gardenia-garlic-toast-5-slice-pack-110g',NULL,10,0,0,0,22.5500,20.5000,4,'',100,647,'2016-12-08 22:24:54','2016-12-08 22:24:59'),(2780,'gardeniacinnamontoast','Gardenia Cinnamon Toast 130g','gardenia-cinnamon-toast-130g',NULL,0,0,0,0,22.5500,20.5000,4,'',100,647,'2016-12-08 22:24:54','2016-12-08 22:24:54'),(2781,'coffeematedoypck170g','Coffee-mate Doy Pack 170g','coffee-mate-doy-pack-170g',NULL,12,0,0,0,38.8740,35.3400,4,'',100,209,'2016-12-08 22:24:54','2016-12-08 22:24:59'),(2782,'coffeemate250g','Coffee-mate 250g','coffee-mate-250g',NULL,4,0,0,0,54.7580,49.7800,4,'',100,209,'2016-12-08 22:24:54','2016-12-08 22:24:59'),(2783,'Nescafeclassicreasealable55g','Nescafe Classic Coffee 50g','nescafe-classic-coffee-50g',NULL,12,0,0,0,42.8010,38.9100,4,'',100,209,'2016-12-08 22:24:54','2016-12-08 22:24:59'),(2784,'nescafeclassic100g','Nescafe Classic Coffee 100g','nescafe-classic-coffee-100g',NULL,6,0,0,0,84.6890,76.9900,4,'',100,209,'2016-12-08 22:24:54','2016-12-08 22:24:59'),(2785,'bbpowderedmilk320g','Bear Brand Powdered Milk Drink 320g','bear-brand-powdered-milk-drink-320g',NULL,6,0,0,0,117.7000,107.0000,4,'',100,209,'2016-12-08 22:24:54','2016-12-08 22:24:59'),(2786,'miloactiv-go330g','Milo Powdered Choco Drink 330g','milo-powdered-choco-drink-330g',NULL,6,0,0,0,77.7260,70.6600,4,'',100,209,'2016-12-08 22:24:54','2016-12-08 22:24:59'),(2787,'Zestoyo','Zesto Yo Banana Lychee 110ml/10','zesto-yo-banana-lychee-110ml-10',NULL,0,0,0,0,10.7250,9.7500,4,'',100,328,'2016-12-08 22:24:54','2016-12-08 22:24:54'),(2788,'Pasalubongcheesecake','Pasalubong Cheese Cake 10s/12','pasalubong-cheese-cake-10s-12',NULL,39,0,0,0,54.8680,49.8800,4,'',100,649,'2016-12-08 22:24:54','2016-12-08 22:24:59'),(2789,'pasalubongbuttercake','Pasalubong Butter Cake 10s/12','pasalubong-butter-cake-10s-12',NULL,32,0,0,0,54.8680,49.8800,4,'',100,649,'2016-12-08 22:24:54','2016-12-08 22:24:59'),(2790,'pasalubongbrownies','Pasalubong Brownies 10s/12','pasalubong-brownies-10s-12',NULL,30,0,0,0,54.8680,49.8800,4,'',100,649,'2016-12-08 22:24:54','2016-12-08 22:24:59'),(2791,'pasalubongasstdcupcakes','Pasalubong Assorted Cupcakes 8s/15','pasalubong-assorted-cupcakes-8s-15',NULL,14,0,0,0,43.8900,39.9000,4,'',100,649,'2016-12-08 22:24:54','2016-12-08 22:24:59'),(2792,'pasalubongcaramelbar','Pasalubong Caramel Bar 10s/24','pasalubong-caramel-bar-10s-24',NULL,22,0,0,0,77.9680,70.8800,4,'',100,649,'2016-12-08 22:24:54','2016-12-08 22:24:59'),(2793,'quakevaluepck','Quake Value Pack 12s','quake-value-pack-12s',NULL,9,0,0,0,69.8500,63.5000,4,'',100,102,'2016-12-08 22:24:54','2016-12-08 22:24:59'),(2794,'gtgranules100g','Great Taste Granules 100g','great-taste-granules-100g',NULL,5,0,0,0,78.9140,71.7400,4,'',100,102,'2016-12-08 22:24:54','2016-12-08 22:24:59'),(2795,'gtgranules50g','Great Taste Granules 50g','great-taste-granules-50g',NULL,6,0,0,0,39.5120,35.9200,4,'',100,102,'2016-12-08 22:24:54','2016-12-08 22:24:59'),(2796,'c2apple355ml3+1','C2 Apple 355ml 3+1 4s/6','c2-apple-355ml-3-1-4s-6',NULL,0,0,0,0,49.6980,45.1800,4,'',100,102,'2016-12-08 22:24:54','2016-12-08 22:24:54'),(2797,'rollercoaster','Roller Coaster Classic Potato Small/100','roller-coaster-classic-potato-small-100',NULL,23,0,0,0,5.7310,5.2100,4,'',100,102,'2016-12-08 22:24:54','2016-12-08 22:24:59'),(2798,'creamochoconberries','Cream-O Choco n Berries 10s/20','cream-o-choco-n-berries-10s-20',NULL,0,0,0,0,47.3330,43.0300,4,'',100,102,'2016-12-08 22:24:54','2016-12-08 22:24:54'),(2799,'arielw/downy35g','Ariel Powder w/ Downy 35g 6s/96','ariel-powder-w-downy-35g-6s-96',NULL,96,0,0,0,7.7550,7.0500,4,'',100,654,'2016-12-08 22:24:54','2016-12-08 22:24:59'),(2800,'safeguardwhite3pidpck135g','Safeguard Bar White 3pid Pack 135g/24','safeguard-bar-white-3pid-pack-135g-24',NULL,22,0,0,0,108.1630,98.3300,4,'',100,654,'2016-12-08 22:24:54','2016-12-08 22:24:59'),(2801,'safeguardwhite60g','Safeguard Bar White 60g/162','safeguard-bar-white-60g-162',NULL,156,0,0,0,16.5330,15.0300,4,'',100,654,'2016-12-08 22:24:54','2016-12-08 22:24:59'),(2802,'joydwkalamansi95g','Joy Dishwashing Liquid Kalamansi 95ml/48','joy-dishwashing-liquid-kalamansi-95ml-48',NULL,48,0,0,0,21.5820,19.6200,4,'',100,654,'2016-12-08 22:24:54','2016-12-08 22:24:59'),(2803,'joydwlemon95g','Joy Dishwashing Liquid Lemon 95ml/48','joy-dishwashing-liquid-lemon-95ml-48',NULL,48,0,0,0,21.5820,19.6200,4,'',100,654,'2016-12-08 22:24:54','2016-12-08 22:24:59'),(2804,'creamsilkblue12ml','Cream Silk Conditioner Blue 12ml 6s/288','cream-silk-conditioner-blue-12ml-6s-288',NULL,288,0,0,0,5.5990,5.0900,4,'',100,652,'2016-12-08 22:24:54','2016-12-08 22:24:59'),(2805,'creamsilkpink12ml','Cream Silk Conditioner Pink 12ml 6s/288','cream-silk-conditioner-pink-12ml-6s-288',NULL,282,0,0,0,5.5990,5.0900,4,'',100,652,'2016-12-08 22:24:54','2016-12-08 22:24:59'),(2806,'creamsilkgreen12ml','Cream Silk Conditioner Green  12ml 6s/288','cream-silk-conditioner-green-12ml-6s-288',NULL,282,0,0,0,5.5990,5.0900,4,'',100,652,'2016-12-08 22:24:54','2016-12-08 22:24:59'),(2807,'palmoliveshampoo135ml','Palmolive Natural Shampoo Green 135ml 6s/384 ','palmolive-natural-shampoo-green-135ml-6s-384',NULL,372,0,0,0,4.6090,4.1900,4,'',100,653,'2016-12-08 22:24:54','2016-12-08 22:24:59'),(2808,'palmolivepinkshampoo135ml','Palmolive Natural Shampoo Pink 135ml 6s/384','palmolive-natural-shampoo-pink-135ml-6s-384',NULL,366,0,0,0,4.6090,4.1900,4,'',100,653,'2016-12-08 22:24:54','2016-12-08 22:24:59'),(2809,'colgatewhitetwinpck24g','Colgate Twin Pack 24g 6s/144','colgate-twin-pack-24g-6s-144',NULL,138,0,0,0,6.4020,5.8200,4,'',100,653,'2016-12-08 22:24:54','2016-12-08 22:24:59'),(2810,'UCFD01','Maki & Lumpiang Shanghai','maki-lumpiang-shanghai',NULL,100,0,0,0,97.9000,89.0000,4,'',100,651,'2016-12-08 22:24:54','2016-12-08 22:24:59'),(2811,'UCFD02','Chicken Cordon Bleu','chicken-cordon-bleu',NULL,100,0,0,0,97.9000,89.0000,4,'',100,651,'2016-12-08 22:24:54','2016-12-08 22:24:59'),(2812,'UCFD03','Morcon & Salad','morcon-salad',NULL,100,0,0,0,97.9000,89.0000,4,'',100,651,'2016-12-08 22:24:54','2016-12-08 22:24:59'),(2813,'UCFD04','Kimchi ','kimchi',NULL,199,0,0,0,77.0000,70.0000,4,'',100,651,'2016-12-08 22:24:54','2016-12-08 22:24:59'),(2814,'coffemate500g','Coffee-mate 500g','coffee-mate-500g',NULL,5,0,0,0,90.7280,82.4800,4,'',100,209,'2016-12-08 22:24:54','2016-12-08 22:24:59'),(2815,'magicsinigangnamaygabi','Maggi Magic Sinigang sa Sampalok na may Gabi 22g','maggi-magic-sinigang-sa-sampalok-na-may-gabi-22g',NULL,20,0,0,0,9.9660,9.0600,4,'',100,209,'2016-12-08 22:24:54','2016-12-08 22:24:59'),(2816,'magicsinigangorig11g','Maggi Magic Sinigang Original Sampalok Mix 11g','maggi-magic-sinigang-original-sampalok-mix-11g',NULL,20,0,0,0,4.6310,4.2100,4,'',100,209,'2016-12-08 22:24:54','2016-12-08 22:24:59'),(2817,'edencheese165g','Eden Cheese 165g/48','eden-cheese-165g-48',NULL,48,0,0,0,47.0250,42.7500,4,'',100,357,'2016-12-08 22:24:54','2016-12-08 22:24:59'),(2818,'cheezwhizbottleorig','Cheez Whiz Bottle 220g Orig/24','cheez-whiz-bottle-220g-orig-24',NULL,24,0,0,0,77.1320,70.1200,4,'',100,357,'2016-12-08 22:24:54','2016-12-08 22:24:59'),(2819,'tidepowderorig80g','Tide Powder Original  80g 6s/216','tide-powder-original-80g-6s-216',NULL,216,0,0,0,8.8330,8.0300,4,'',100,654,'2016-12-08 22:24:54','2016-12-08 22:24:59'),(2820,'alaskacondensada300ml','Alaska Condensada 300ml/48','alaska-condensada-300ml-48',NULL,48,0,0,0,43.1860,39.2600,4,'',100,655,'2016-12-08 22:24:54','2016-12-08 22:24:59'),(2821,'surfpowderrosefresh65g','Surf Powder Rose Fresh 65g 6s/288','surf-powder-rose-fresh-65g-6s-288',NULL,288,0,0,0,4.9940,4.5400,4,'',100,652,'2016-12-08 22:24:54','2016-12-08 22:24:59'),(2822,'dmfiestafrtcocktail3.033kg','Del Monte Fiesta Fruit Cocktail\n3.033kg/6\n\n','del-monte-fiesta-fruit-cocktail-3-033kg-6',NULL,2,0,0,0,219.9120,199.9200,4,'',100,17,'2016-12-08 22:24:54','2016-12-08 22:24:59'),(2823,'UCFD05','Crab Stick Temaki','crab-stick-temaki',NULL,0,0,0,0,64.9000,59.0000,4,'',100,651,'2016-12-08 22:24:54','2016-12-08 22:24:54');
/*!40000 ALTER TABLE `products` ENABLE KEYS */;
UNLOCK TABLES;

--
-- Table structure for table `suppliers`
--

DROP TABLE IF EXISTS `suppliers`;
/*!40101 SET @saved_cs_client     = @@character_set_client */;
/*!40101 SET character_set_client = utf8 */;
CREATE TABLE `suppliers` (
  `id` int(10) unsigned NOT NULL AUTO_INCREMENT,
  `title` varchar(255) COLLATE utf8_unicode_ci NOT NULL,
  `slug` varchar(255) COLLATE utf8_unicode_ci NOT NULL,
  `created_at` timestamp NULL DEFAULT NULL,
  `updated_at` timestamp NULL DEFAULT NULL,
  PRIMARY KEY (`id`)
) ENGINE=InnoDB AUTO_INCREMENT=656 DEFAULT CHARSET=utf8 COLLATE=utf8_unicode_ci;
/*!40101 SET character_set_client = @saved_cs_client */;

--
-- Dumping data for table `suppliers`
--

LOCK TABLES `suppliers` WRITE;
/*!40000 ALTER TABLE `suppliers` DISABLE KEYS */;
INSERT INTO `suppliers` VALUES (14,'Asia Brewery','asia-brewery','2016-12-08 22:25:06','2016-12-08 22:25:06'),(16,'Nutriasia','nutriasia','2016-12-08 22:25:06','2016-12-08 22:25:06'),(17,'Del Monte','del-monte','2016-12-08 22:25:06','2016-12-08 22:25:06'),(18,'Monde','monde','2016-12-08 22:25:06','2016-12-08 22:25:06'),(19,'Emperador','emperador','2016-12-08 22:25:06','2016-12-08 22:25:06'),(102,'URC','urc','2016-12-08 22:25:06','2016-12-08 22:25:06'),(142,'Liwayway','liwayway','2016-12-08 22:25:06','2016-12-08 22:25:06'),(189,'Chooga','chooga','2016-12-08 22:25:06','2016-12-08 22:25:06'),(202,'Nature\'s Spring','nature-s-spring','2016-12-08 22:25:06','2016-12-08 22:25:06'),(209,'Nestle','nestle','2016-12-08 22:25:06','2016-12-08 22:25:06'),(311,'Leslie','leslie','2016-12-08 22:25:06','2016-12-08 22:25:06'),(315,'Coca-Cola','coca-cola','2016-12-08 22:25:06','2016-12-08 22:25:06'),(325,'Kopiko','kopiko','2016-12-08 22:25:06','2016-12-08 22:25:06'),(327,'Rebisco','rebisco','2016-12-08 22:25:06','2016-12-08 22:25:06'),(328,'Zesto','zesto','2016-12-08 22:25:05','2016-12-08 22:25:05'),(331,'Ecco','ecco','2016-12-08 22:25:05','2016-12-08 22:25:05'),(335,'Pepsi','pepsi','2016-12-08 22:25:05','2016-12-08 22:25:05'),(342,'Uni-President','uni-president','2016-12-08 22:25:05','2016-12-08 22:25:05'),(357,'Mondelez','mondelez','2016-12-08 22:25:05','2016-12-08 22:25:05'),(407,'Stateline','stateline','2016-12-08 22:25:05','2016-12-08 22:25:05'),(423,'Richeese','richeese','2016-12-08 22:25:05','2016-12-08 22:25:05'),(619,'Columbia','columbia','2016-12-08 22:25:05','2016-12-08 22:25:05'),(647,'Gardenia Bakeries','gardenia-bakeries','2016-12-08 22:25:05','2016-12-08 22:25:05'),(649,'TJN Pasalubong Foods,Inc.','tjn-pasalubong-foods-inc','2016-12-08 22:25:05','2016-12-08 22:25:05'),(651,'Uehara\'s Cuisine','uehara-s-cuisine','2016-12-08 22:25:05','2016-12-08 22:25:05'),(652,'Uniliver','uniliver','2016-12-08 22:25:05','2016-12-08 22:25:05'),(653,'Colgate & Palmolive','colgate-palmolive','2016-12-08 22:25:05','2016-12-08 22:25:05'),(654,'Procter & Gamble','procter-gamble','2016-12-08 22:25:05','2016-12-08 22:25:05'),(655,'Alaska','alaska','2016-12-08 22:25:05','2016-12-08 22:25:05');
/*!40000 ALTER TABLE `suppliers` ENABLE KEYS */;
UNLOCK TABLES;

--
-- Table structure for table `users`
--

DROP TABLE IF EXISTS `users`;
/*!40101 SET @saved_cs_client     = @@character_set_client */;
/*!40101 SET character_set_client = utf8 */;
CREATE TABLE `users` (
  `id` int(10) unsigned NOT NULL AUTO_INCREMENT,
  `firstname` varchar(255) COLLATE utf8_unicode_ci NOT NULL,
  `lastname` varchar(255) COLLATE utf8_unicode_ci NOT NULL,
  `email` varchar(255) COLLATE utf8_unicode_ci NOT NULL,
  `password` varchar(255) COLLATE utf8_unicode_ci NOT NULL,
  `contact` varchar(255) COLLATE utf8_unicode_ci NOT NULL,
  `newsletter` tinyint(1) NOT NULL DEFAULT '0',
  `remember_token` varchar(100) COLLATE utf8_unicode_ci DEFAULT NULL,
  `created_at` timestamp NULL DEFAULT NULL,
  `updated_at` timestamp NULL DEFAULT NULL,
  PRIMARY KEY (`id`),
  UNIQUE KEY `users_email_unique` (`email`)
) ENGINE=InnoDB AUTO_INCREMENT=2 DEFAULT CHARSET=utf8 COLLATE=utf8_unicode_ci;
/*!40101 SET character_set_client = @saved_cs_client */;

--
-- Dumping data for table `users`
--

LOCK TABLES `users` WRITE;
/*!40000 ALTER TABLE `users` DISABLE KEYS */;
INSERT INTO `users` VALUES (1,'Tienda','Administrator','admin@tienda.ph','$2y$10$ayMyrBIVt8SxM3JCn7UxH.8Q81uw61NiL.wgOOogIHlMAQ4QVG9eC','12345678910',0,NULL,'2016-12-08 22:24:50','2016-12-08 22:24:50');
/*!40000 ALTER TABLE `users` ENABLE KEYS */;
UNLOCK TABLES;
/*!40103 SET TIME_ZONE=@OLD_TIME_ZONE */;

/*!40101 SET SQL_MODE=@OLD_SQL_MODE */;
/*!40014 SET FOREIGN_KEY_CHECKS=@OLD_FOREIGN_KEY_CHECKS */;
/*!40014 SET UNIQUE_CHECKS=@OLD_UNIQUE_CHECKS */;
/*!40101 SET CHARACTER_SET_CLIENT=@OLD_CHARACTER_SET_CLIENT */;
/*!40101 SET CHARACTER_SET_RESULTS=@OLD_CHARACTER_SET_RESULTS */;
/*!40101 SET COLLATION_CONNECTION=@OLD_COLLATION_CONNECTION */;
/*!40111 SET SQL_NOTES=@OLD_SQL_NOTES */;

-- Dump completed on 2016-12-08 22:37:34
